strain name,CP,RFP,5.FU,H2O2,CMZ,LVAL,B.Cl.Ala,AZT,KM,6.MP,AF,NiCl,CBPC,NFLX,SDC,SXZ,FOS,KTe,PS,BZ,DCS,MMC,VCM,ATP,PLM,PHEN,3.AT,NVA,MEC,TET,M9,NQO,EDTA,SHX,PMZ,NIT,SS,BSD,GAH,FTD,EM,HSE,CCCP,ABU,PUR,DVAL,5.FOA,NMNO
CPE6,11.750329,5.652968,-0.269637,-0.338064,11.876628,-2.130613,-1.062782,10.142813,-1.987324,-1.812925,11.885183,1.153699,10.501396,4.558774,-0.501529,0.581615,1.467838,6.316062,-1.952624,0.685374,-2.849604,3.53337,0.524126,6.485379,0.75969,4.264609,-1.951065,3.814058,-5.067083,9.558474,0.102666,-0.176757,3.502241,-0.545625,6.483382,1.263799,1.589417,2.075723,-2.003653,4.778912,11.741038,-0.815676,0.38234,1.858015,8.716785,0.06457,4.515711,3.185117
CPE2,5.915737,3.261119,-0.325649,-0.52442,3.42598,-1.12758,-0.961567,4.111918,0.806357,-1.994787,10.620009,1.589579,4.92074,1.750731,-1.258399,-1.182855,1.233814,3.934454,-1.882711,0.982075,-0.960869,2.66004,0.652945,2.665259,2.107345,1.670125,-2.253662,2.083454,-1.104804,4.897487,-0.002549,-1.660047,-0.228833,-0.469441,2.39067,-1.529277,1.234096,1.436658,-2.700761,2.465565,7.074913,-0.931734,-0.144089,1.107009,4.770049,0.001651,2.363573,3.04242
CPE5,2.853705,-1.230964,-1.007271,-2.733601,4.08274,-1.543197,-1.033759,1.283978,0.900838,-3.351816,3.360989,-1.504379,4.718507,2.466644,0.065712,-0.10569,0.914158,-1.149699,-2.889222,-0.41965,-1.22572,0.068883,0.88949,1.880628,2.730804,0.801009,-3.537156,0.258222,-0.904431,3.047989,0.068698,-3.005404,-1.308542,-2.303483,1.105156,-4.029208,0.344988,1.608995,-3.875355,1.103266,2.260474,-0.47901,0.169674,-2.054632,1.920431,2.399681,1.706994,1.347383
CPE3,2.349454,2.169958,0.080141,-1.010848,2.910945,-0.684529,-1.726815,3.088563,-2.551903,-3.829528,5.649902,1.306974,4.196736,1.517607,0.008663,1.36272,1.46651,2.500162,-0.111333,0.09827,-1.05235,1.430954,0.593411,4.255253,-0.725867,2.771905,-1.072094,-0.293865,1.40947,2.86236,-1.41156,1.951314,-0.137156,-1.575789,3.791825,0.050336,2.239665,-2.387748,1.713916,2.225319,5.774908,-0.804559,1.353279,0.761904,5.029835,-1.847003,1.649875,2.065004
RFPE4,-0.16606,7.931262,-0.356898,-0.32432,-0.195786,-0.123207,-0.482834,1.167209,-0.711275,0.832265,-2.230299,1.319318,-0.010212,-0.318818,-0.719937,0.669897,0.296749,3.461355,-0.99184,2.250093,-0.968191,-2.895537,2.050293,0.303535,-0.003171,-1.112633,-0.235148,0.778112,-0.734886,-0.910512,0.071828,-0.617878,5.010429,0.605934,-0.495987,-0.642176,0.413956,1.426506,1.816227,-0.66883,2.913449,-0.04149,-2.262019,0.999075,-2.252747,-1.121652,-0.95576,0.918485
RFPE1,2.87586,3.086325,0.014613,-0.220885,0.644893,0.634712,-0.106322,0.41237,-0.562682,-3.292055,2.675049,0.946422,0.886441,0.453594,-0.756969,1.159094,0.653222,2.995099,-2.755323,1.12131,-0.938887,-0.414855,0.729698,1.253402,-0.70057,0.197418,0.20207,-2.35383,-14.871938,0.076094,0.102666,2.616691,-0.430525,1.504658,1.479343,0.335327,2.235328,3.109635,1.872391,0.547099,1.076202,-2.317509,1.061591,-4.510992,0.925742,-2.07688,1.419385,3.579756
RFPE3,3.043654,2.560457,-1.849835,1.761065,0.504624,-0.200068,-0.762092,1.076693,-1.539593,-0.959679,1.217768,2.31432,1.341455,0.126743,-0.907058,1.447739,1.419281,-12.299172,-0.941105,0.990736,-0.957125,-0.475632,0.880302,2.111477,-1.835648,0.646045,0.689722,-0.934608,-7.607085,0.713818,0.102666,-0.156689,-0.39778,0.982305,1.691238,0.247506,2.030022,4.961295,1.519835,0.557673,1.599519,-2.031882,0.474383,-0.0426,0.570895,-0.696199,-1.064663,2.990669
RFPE2,2.594895,0.728699,-0.751803,-1.176265,2.056129,-0.809862,-0.617875,3.058122,1.002921,-1.710265,2.109997,-0.573228,3.124784,0.578369,-1.01586,-1.032684,1.106073,2.563114,-1.156204,0.387221,-1.091431,-0.241658,0.472877,1.510865,2.003048,0.557341,-1.880369,0.470835,-0.14709,2.989332,0.102666,-1.721631,1.618415,-1.869034,0.959688,-2.351445,1.003825,2.430495,-3.510775,0.77575,2.913344,-0.937142,1.441614,1.011038,2.113164,0.306537,1.75437,1.880662
5.FUE4,0.344912,0.393891,15.244805,-0.648431,-0.152285,-0.383751,-1.294297,0.196926,-0.602257,-0.063513,0.414327,-0.129463,-0.019754,-0.078916,-1.693352,-0.449741,-0.276532,2.256604,-0.059745,0.806132,-1.170868,-0.385589,0.660548,0.051741,3.791779,0.114339,0.381755,0.010463,0.537452,-0.595598,0.102666,0.177177,-1.246787,-2.260456,-0.120242,-1.44535,0.048717,2.85095,-2.298805,0.019533,0.22326,0.478755,-0.737405,0.27289,-0.116663,0.917162,3.174067,-0.046577
5.FUE3,1.538079,1.850049,7.085382,-0.466281,-0.266394,-0.010448,-0.666728,0.794759,-0.0754,-0.608583,1.658698,1.018178,0.134919,-0.008552,-1.185779,0.78395,-0.257854,1.038492,-0.107615,1.019111,-1.105699,-0.429023,0.371288,0.192784,-0.034407,-0.014628,0.187948,-0.746945,-0.878643,-0.280499,0.102666,0.147821,-0.933157,-0.246674,2.317707,-0.17191,0.771367,3.371015,1.108799,0.055489,2.293192,0.376401,-0.002692,0.153959,0.856316,0.39143,1.36075,-0.2322
5.FUE1,-0.287744,0.038221,5.846214,-1.049062,-0.441956,-0.417741,-1.28728,0.638349,-0.774272,-0.625929,0.392698,-0.002481,-0.169191,-0.08636,-2.347278,-0.8269,-0.291939,1.496642,-0.119357,0.840651,-1.099853,-0.463728,-0.390346,0.367233,0.500374,-0.084119,-0.12937,-0.245344,-1.307933,-0.21456,0.102666,0.194112,-0.987548,-2.89713,-0.307382,-1.628015,-0.087661,1.863922,-2.907789,0.42087,0.326532,0.207148,-0.762416,0.061843,-0.316948,0.762926,0.34965,0.594659
5.FUE2,0.372322,0.284436,-0.022271,-1.166872,-0.234062,-0.533335,-1.065948,1.091401,-1.491116,-0.694506,-0.166457,-0.66591,1.235632,0.761333,-2.213437,-0.0712,0.795551,0.923955,-0.125238,-0.098487,-1.314502,0.447821,0.691058,0.737151,-0.337005,-0.116697,0.255249,-0.619295,1.320768,0.123136,-0.724587,0.484049,-1.041871,-2.080026,-0.038669,-0.361627,0.784144,1.733298,0.574591,0.361883,0.739958,0.143507,-1.866374,0.637499,1.128724,1.351086,1.769191,-0.164387
H2O2E3,2.17082,0.131749,0.099815,7.053701,-1.242074,-0.056668,0.446306,-0.162899,-0.561354,0.608117,-0.485694,-2.059972,-0.391808,-0.201202,0.423882,2.104541,-0.094207,-7.923165,-1.073187,8.198965,-0.263818,0.077812,0.470749,-0.470474,-0.600316,-0.15301,-0.566429,0.181635,0.928531,-1.649803,0.087577,0.133128,0.072434,-0.710818,-0.140539,-0.343604,0.176579,3.348933,2.369472,-0.224755,-0.15556,0.986387,-2.327105,0.09845,-2.6,-1.002981,1.700246,0.3577
H2O2E2,1.585623,0.442703,1.001615,3.434542,-0.747367,0.168737,0.857299,-0.22353,0.11728,-1.385102,-0.127227,-2.256525,0.108418,-0.01081,-0.635961,1.188663,-0.186148,-0.349782,-2.085065,3.160312,-0.032659,-0.346743,-0.518795,-0.769092,-0.786688,-0.415102,-1.520078,-1.10968,-11.083255,-1.979624,0.101639,-2.775193,-0.663163,1.271941,0.088979,0.916591,3.06588,1.033903,1.478118,-1.207985,-0.360886,-2.004822,1.026257,-5.873128,-0.055612,-5.494988,2.084085,-1.30859
H2O2E5,1.458758,1.817409,1.569124,-0.763565,1.351692,0.207363,0.384746,1.138007,0.040204,0.066696,0.28021,1.727875,1.356021,-0.339001,-0.635032,0.181304,0.494482,3.264693,0.227245,1.852369,-1.805831,-0.428001,-0.669746,1.332579,-0.469216,0.240517,0.075806,2.673446,-1.714123,1.034802,0.058424,0.172947,0.20964,0.796781,1.442859,0.98,3.069873,1.196483,0.987196,0.501269,2.551896,0.724522,2.859687,0.587622,1.034993,1.718301,2.000887,2.143039
H2O2E6,0.990029,1.332547,0.799284,-0.199869,0.348558,-0.371319,-0.217761,-0.152562,-1.125773,0.067407,-0.136888,1.005742,0.266352,-0.724258,-1.938345,-1.09284,-0.149501,0.272358,-0.159153,0.893288,-0.455764,-1.302742,-2.284421,0.070149,-0.966798,0.219283,0.010775,-0.361579,-0.353758,-0.692373,0.102666,0.051902,-0.606241,0.73741,0.738593,0.968726,3.120316,1.01928,-0.399357,0.376158,0.017539,0.058992,2.32357,0.246409,0.312498,-0.450825,1.260419,0.897718
CMZE4,2.94428,-0.766935,0.206277,-1.140892,4.776726,0.180472,0.5117,7.053325,-1.912923,-1.711307,1.804673,1.851825,8.237976,1.577641,-1.846243,1.918297,3.35466,-2.921859,1.01832,-0.635317,-1.778091,0.613167,0.536421,-0.714095,1.113041,0.788308,1.211646,2.146743,-3.183257,1.724204,-0.095337,0.089993,0.0647,-1.366348,-0.763268,1.050324,2.307849,1.070823,0.087607,1.857203,0.753978,-0.027991,-2.209092,2.024629,1.98316,3.252411,-0.782877,1.178874
CMZE1,2.391438,-3.958601,-0.095968,-1.634999,2.665728,-0.074163,-0.30633,0.99643,-9.291997,-2.227934,-2.999423,-2.574558,2.28941,0.575871,-1.699055,-1.599708,1.146457,1.863234,-1.101034,-2.196683,-0.31198,-0.54243,0.575212,0.221175,-3.430584,-0.732229,-0.815254,-5.597661,-12.653729,-0.34127,0.067667,-0.097024,0.026874,-4.938945,0.230551,-0.33303,4.260936,-0.660151,1.614924,-0.597761,-2.194667,-1.250686,-2.404901,-9.711505,0.058696,-0.833415,-2.043995,-1.222187
CMZE3,0.527888,-0.375535,2.079858,0.398884,3.150087,0.0461,-0.120474,2.359153,-0.565163,0.415436,-0.853174,0.175152,1.785167,0.229691,-0.544123,1.531295,0.369752,2.820531,0.042059,0.852519,0.113023,-0.666263,-0.521303,-0.245754,0.169006,0.249,0.289687,-0.238684,-10.521466,-0.455505,0.102666,0.456934,-0.193623,0.812832,-0.296765,1.0233,2.674793,1.106389,-0.954848,0.285371,0.669741,0.131467,-3.28226,0.153936,-0.190108,0.301683,1.899578,1.287089
CMZE6,0.055834,-1.057756,0.331931,-1.859483,5.244767,0.2691,0.821517,1.469214,-0.6744,-0.275024,-1.043337,0.146661,1.5798,0.579213,-0.667177,0.256503,0.74837,0.880663,-0.993162,-1.052514,1.055353,-1.4624,0.181226,-1.136262,0.44043,-0.077127,-0.34035,0.216908,-9.773468,-1.920168,0.102666,-0.981944,-1.685249,-0.814331,-1.003619,-1.591726,-0.318475,-1.328438,-2.467884,0.053357,0.633696,1.079573,0.069071,-1.113613,-0.296745,2.923817,0.324561,-0.032427
LVALE6,1.400786,2.728599,1.367076,-1.943856,3.97573,12.299895,2.089486,2.650863,-0.33624,-3.362343,2.349957,-0.835446,3.570085,4.093032,-0.761759,-0.763101,0.553475,1.532904,-3.155857,-0.091382,2.135257,0.335052,-0.606927,0.612662,1.179788,-1.166718,-2.171518,-0.614609,-11.512324,-1.811325,-0.316887,-3.335823,-0.028541,-5.440216,0.310646,-1.145601,1.981742,-0.99262,-0.266973,-0.276071,1.601767,-2.109787,-1.901289,-8.451751,0.029969,-4.662173,-0.442021,1.482168
LVALE3,-0.270054,2.287422,1.895753,-0.173816,-0.388578,10.819956,1.428977,-0.062166,-2.759331,-1.8272,0.876902,0.508336,-0.118105,0.132244,-1.137682,0.137581,1.516971,2.015385,-1.269843,0.042593,0.212127,-1.400934,-0.552569,1.105791,0.478945,0.026295,0.485046,0.327326,-9.965359,-0.359913,0.102666,0.642993,-1.146634,-2.362667,1.240528,-0.474246,1.503272,-0.34347,-3.856467,0.389439,-0.64911,0.179771,-0.908101,0.530621,0.327749,4.692071,0.544163,2.977437
LVALE4,2.176175,1.254707,2.274433,-0.511492,0.735425,11.781854,1.340437,0.724332,-1.510601,-0.969424,0.60122,0.900343,0.32472,0.231881,-0.253251,1.713686,0.927415,2.636713,-1.160548,-0.209621,0.056444,-1.215355,0.341178,0.379843,0.669616,-0.07604,0.470984,0.666586,-8.821921,-0.10117,0.102666,0.936862,-1.216237,-0.948987,0.595896,-0.276537,2.218543,1.891218,-1.537613,0.358968,-0.474413,0.705595,-2.971005,1.407619,0.747972,4.787382,1.006123,2.342259
LVALE5,0.090427,0.922793,0.860646,-0.564313,0.818585,12.201768,1.743758,0.127892,-1.562277,-1.455429,0.356917,0.823543,-0.026736,0.086686,-0.678216,0.5902,0.5893,3.615221,-1.376665,-0.163905,0.060942,-1.191987,-0.929524,0.510892,0.494335,-0.016966,0.49644,5.183234,-9.404209,-0.413144,0.100924,0.235229,-1.280352,-2.16858,0.503958,-0.924126,1.147,0.37661,-2.467801,0.431776,-1.199466,2.034325,-0.605616,3.325133,0.118691,5.623194,0.482605,2.419007
B.Cl.AlaE4,-0.657301,-4.427013,-2.910407,-3.339826,-2.424897,-0.385317,1.349935,0.707403,-0.863437,0.172226,-2.819102,-2.299209,0.465799,-0.056107,-4.563205,0.91795,-0.577859,-11.126758,-0.182517,-1.669176,-1.634425,-4.612386,-1.652204,-3.903202,-0.644914,-2.096778,-1.856961,-1.145499,-12.962306,-2.499229,0.066686,-0.881538,-1.960859,-3.935083,-3.009907,-4.037059,-8.008729,-1.299078,-2.466093,-1.474206,-7.947282,-0.552981,-2.609565,-8.712188,-2.093562,5.670387,-4.808135,-4.111779
B.Cl.AlaE1,-0.329188,-2.172197,-0.550337,-1.941311,-1.233045,1.112918,4.324983,-0.4012,-0.88924,0.320854,0.494269,-0.622464,-1.306916,-0.053292,-2.310337,0.788378,0.081768,-12.728041,0.530662,-0.110166,-0.871409,-0.361624,-3.697386,-0.668174,1.02109,-0.212978,-0.504928,2.270317,0.715882,-0.787924,0.089878,-0.073088,-0.744662,-2.095298,-1.130373,-2.654602,-2.300621,0.938214,-2.313922,0.251581,-5.035102,1.246595,-3.336115,0.801628,0.955546,1.422101,-5.071445,-0.357638
B.Cl.AlaE2,1.518584,1.05799,-0.005285,-0.42834,-0.354081,-0.050751,2.88762,0.290973,0.3712,0.371215,1.005187,0.400535,-0.14325,0.176169,-1.52055,0.737336,1.626608,3.676627,-0.277349,0.581194,-0.82337,0.652378,0.207731,1.086761,0.961856,0.238173,-0.944451,1.747198,-8.331092,0.227946,0.0728,0.26019,0.087874,4.28812,0.679963,0.141688,-1.209057,3.645725,-2.850063,0.712996,1.024446,1.008255,-1.123212,1.887561,2.054263,2.755716,-1.588969,2.36864
B.Cl.AlaE6,3.104184,-2.581199,2.122346,-2.947852,1.613937,0.122138,1.514483,2.72387,-1.165506,-0.542377,-0.107023,2.250899,2.45546,2.050797,0.872678,5.92566,0.625373,-10.402642,1.617381,-2.209542,1.281103,1.624869,1.232852,-2.094474,1.126788,0.025571,2.196777,-2.449246,0.653866,-2.932866,0.08039,-1.990332,-1.270126,-0.202611,-1.791506,-3.119178,0.377629,0.753329,-0.899473,0.351359,1.790529,0.292589,2.895773,-3.04036,4.727334,10.411618,0.411814,-0.933587
AZTE3,1.212419,-0.56052,-2.561137,-3.436494,5.039096,0.247744,-1.712806,-8.161899,-4.420161,-2.975695,-5.251699,-5.979566,12.028848,3.110118,-3.716373,0.078821,0.234064,-15.713391,-10.441154,-3.773177,-1.746643,-1.51439,-0.091588,1.352062,-2.325651,-14.142258,-10.075234,-13.640908,-16.883666,-8.917474,0.102666,-3.466795,-0.669096,-6.004966,-2.468004,-2.736565,0.744915,-2.038906,-4.487152,-9.051732,-7.947282,-10.10278,-6.241535,-9.710148,1.72222,-8.619568,-1.217441,-12.127122
AZTE6,0.606548,-0.737354,-3.753355,-3.880512,4.907406,-0.051845,-2.552076,9.465722,3.296587,-3.625233,-8.783359,-1.081642,10.242507,-0.03003,-5.632577,-5.700819,2.067845,7.163425,-0.879053,-1.848066,4.035916,-6.256886,0.236729,-2.078147,5.1079,-0.156044,-3.669,-3.534656,-11.361156,1.509262,0.102666,-4.985202,-0.326957,-4.280467,-3.618594,0.591088,3.343433,0.900428,-5.693821,-1.262906,-0.650514,-0.299756,0.433456,-3.489187,-5.338377,-4.583603,2.583029,-1.472
AZTE5,1.345043,-2.956239,-0.875963,-5.838963,3.738188,-0.072268,0.520819,8.982185,0.00478,-3.565437,-0.806429,0.687433,9.688028,1.441205,0.246054,-2.365381,1.596383,-0.076755,-3.140381,-2.415168,3.785302,0.272363,1.082862,1.727183,3.651949,-0.502882,-2.915132,3.269642,-0.782628,1.767566,0.102666,-4.900049,0.016137,-5.772452,0.804143,0.970188,2.367387,0.700693,-2.644602,-0.052871,1.659404,0.086352,-0.685383,1.884801,0.758583,2.142595,2.863391,2.350365
AZTE4,-0.110756,-1.577823,1.693723,-2.211787,2.260624,-0.569519,0.140079,3.81088,-1.933244,-1.42387,-2.047005,1.416815,2.638119,0.209089,-2.87231,-0.398754,1.418063,2.820571,0.004192,-0.665298,0.626131,-2.503035,-1.145229,-1.026413,-1.13921,-0.490568,-0.227028,-0.762302,-12.164816,-1.59897,0.102666,-1.088152,-1.521501,-2.740072,-1.319403,-0.314542,2.398886,0.346293,0.261185,-0.151847,-4.447708,0.392671,-4.264831,-6.425797,0.256529,2.199852,0.50629,-0.672898
KME1,-5.009264,-6.713077,-7.753491,-5.516704,-1.516118,1.347212,-0.704336,-0.301415,5.288524,-4.540048,-5.648163,-7.365105,-0.73899,-0.849573,-4.621451,-5.185844,0.150525,-2.270919,-3.043491,-2.367073,-1.736821,-3.090389,-1.164841,-2.08904,-0.899687,-2.780835,-1.909592,-3.456864,-14.763834,-0.525369,0.102666,-5.196353,0.342681,-6.111601,-1.203323,-3.455631,-1.266421,-3.299876,-8.363234,-1.47301,-7.947282,0.243889,-4.743145,-9.711505,-6.960263,-0.190837,-5.104052,1.368722
KME5,-0.127218,-0.840029,1.58,-1.891498,0.568376,1.376779,1.059421,0.640733,4.590875,1.075036,-0.219711,1.578642,0.466403,-0.127862,-0.864128,1.89377,0.071695,3.754027,0.931382,-0.722537,0.652616,-0.58401,-0.381351,-0.766476,4.963773,-0.249594,1.706526,-1.57798,1.762511,-1.904342,0.102666,-0.486113,-0.82859,-2.092422,-0.615044,-0.089052,1.07653,-0.01625,-1.15317,0.078198,-3.8977,-3.23059,-4.045216,1.320991,-0.220929,-0.171482,-0.352431,0.554198
KME6,0.625583,1.852934,1.874115,-1.721515,0.212577,1.109276,0.640156,-0.017144,5.122272,1.680778,1.293685,-0.222764,-0.055317,0.344235,-2.122549,1.098443,0.513107,3.408606,-0.953976,0.341233,1.218976,-0.046381,0.179666,0.569445,2.969558,0.134938,-0.073713,-1.866421,0.442127,-0.830597,-0.557101,-1.159623,-0.844162,2.441991,0.830039,0.391062,2.294301,1.241528,-4.646989,-1.205286,-0.025278,1.233115,-1.589298,1.080171,0.754235,4.229685,1.099671,0.90234
KME4,2.160729,3.479418,1.014518,-0.628004,-0.162644,0.971833,1.427707,0.20041,5.757557,-2.851313,1.436079,-2.240778,1.113103,0.569132,-2.9102,-1.273145,1.515978,-1.509268,-3.879601,-1.635965,0.02473,-0.349577,1.321269,0.18078,4.253044,-0.704054,-2.421672,-0.785607,1.357794,-3.638843,-1.252175,-5.342112,-0.10924,3.146717,0.311096,1.059429,2.182917,1.15062,0.474214,-2.103693,2.816666,-0.931851,1.038456,-9.711505,-0.587917,-6.24249,2.879273,-1.585634
6.MPE6,1.174221,0.660417,1.67102,-1.881829,-0.420783,0.046904,-0.037332,0.154753,0.064589,10.607661,-0.645505,0.612847,0.01692,-0.019639,-1.35858,-0.009062,-0.362304,1.039604,0.508066,0.418607,-0.341936,-0.446973,0.061211,-0.250143,0.303375,0.277317,-0.05455,0.044473,-0.256159,-0.017389,-0.007531,0.324302,-0.571414,-0.438354,-0.198132,0.894056,2.438355,0.699049,-2.378715,0.028393,-0.247456,0.151685,-3.58154,0.192994,0.087784,-0.261602,1.894162,0.523528
6.MPE3,0.969497,-0.218404,1.75836,-0.702758,-0.465671,-0.202527,-0.172733,0.394776,-0.006177,9.781022,-0.668713,0.050019,0.362477,0.043108,-1.387178,0.677566,0.151713,-1.231859,-0.197855,0.767764,-0.220879,-0.570598,0.199206,-0.357613,-0.09412,0.382216,-0.032654,0.360296,-0.284729,0.070962,-0.156694,0.560183,-0.734708,-1.067034,-0.192795,0.935206,2.516872,1.02098,-2.626794,0.246778,0.320939,0.69831,-4.350874,0.101054,-0.413824,0.392738,1.577113,-0.040633
6.MPE4,0.018295,0.763406,0.972714,-1.405468,0.077627,0.054188,0.070771,0.175375,-0.912474,10.865642,-0.960413,0.609157,-0.307537,-0.050395,-1.423723,-0.225824,-0.411613,0.452966,0.715281,0.179953,-0.500436,-0.479488,-0.228382,-0.165797,0.454755,0.20272,0.275345,-0.163807,0.50483,-0.633834,-0.345909,0.294468,-0.871296,-0.553067,-0.193853,0.91187,2.071683,0.12856,-2.313439,0.019058,-1.609606,0.049229,-2.648438,0.280952,-0.266516,-0.321383,1.403107,-0.072369
6.MPE5,-1.297235,1.559684,0.442623,-0.859464,0.562464,0.359745,0.491179,0.723245,0.00558,7.177691,0.760184,0.542034,0.024528,0.057689,-1.098246,0.54013,0.261497,0.007983,0.284002,0.369676,-0.567295,-0.381528,0.575987,0.085072,-0.52331,0.124215,-0.130462,-0.617473,1.53421,-0.121356,0.066396,0.318427,0.271166,0.512042,0.424841,0.332973,1.010293,0.496201,1.448306,0.172492,1.093006,0.50854,0.238354,0.131767,-0.243672,-0.095544,-1.373444,-0.218601
AFE3,7.299393,6.087008,1.021313,-0.729013,12.120232,0.11247,0.747382,9.920563,-1.495851,-0.579838,10.660504,0.880898,10.02708,4.297622,0.439703,5.417626,0.828572,6.631135,-0.006777,1.660226,-0.635597,2.459827,-2.025348,2.786264,-0.011914,3.846145,-0.965233,1.806885,-5.935703,5.272698,-0.767007,1.690913,-0.984301,-1.39609,2.304212,3.305153,1.303074,-0.143808,2.701218,7.24568,6.433523,0.092294,2.186941,0.052594,5.249751,2.839515,2.064363,1.444628
AFE2,5.92375,5.989257,0.130904,0.086243,3.915642,-0.45519,-0.322434,2.265645,-1.7215,-0.278638,10.639546,1.730769,3.204677,0.291216,-0.189865,0.730699,0.542278,3.443188,-0.949504,0.378146,-0.916604,1.780828,0.395657,6.684945,-1.626033,4.608097,0.862029,1.271845,-8.630269,2.033543,0.066517,1.395991,2.558818,2.74498,4.896784,0.744277,-0.889672,-1.048853,2.692623,1.08925,5.800994,-0.882328,3.200263,0.040827,8.617435,-0.353491,0.651228,2.966964
AFE4,4.268526,4.608933,0.235518,1.556715,5.927839,0.649538,0.590842,3.932461,-2.800216,-0.184711,10.42737,1.753069,5.400607,2.243438,6.091866,-0.481794,0.924377,7.241076,-1.696858,2.959587,1.701088,3.280894,1.436767,5.629806,-2.731684,3.812597,-1.339944,0.709795,2.007071,4.951445,-0.385094,1.379611,3.937449,-1.963891,6.528891,1.052568,2.659646,-3.343519,1.103821,1.78454,8.007889,-0.271097,4.745518,-2.802189,5.060702,-2.163841,1.070398,2.450333
AFE6,0.418787,3.037706,-0.534863,-0.032709,1.809391,0.148649,0.710372,0.176934,-0.068931,-1.783512,9.224947,-1.202625,-0.457208,0.209344,-1.28717,-1.708084,0.290355,-2.921523,-1.895415,-0.655149,-1.24962,1.389751,-0.786216,3.387296,-0.669319,1.427288,-2.618661,-0.525692,-11.269417,-0.516649,0.102666,-3.364972,1.745005,2.386925,3.476894,0.22103,-0.672854,0.128911,2.217578,-0.919828,5.242144,-2.245581,1.451294,-4.637002,4.291878,-7.950688,-0.000528,0.663779
NiClE1,3.019038,0.8673,1.640971,1.994273,-0.328355,2.79772,1.415284,-0.539897,-0.770803,2.095486,-0.439015,9.352672,-0.238905,0.03265,-0.197716,1.637124,2.944874,4.1963,-0.974992,2.314785,-0.093475,-0.578274,0.495227,3.184674,-1.910824,0.494319,2.051718,-0.165493,-1.872621,-2.794842,0.102666,1.133672,0.521301,2.632503,3.596662,1.799189,3.429005,2.304532,3.393483,0.509099,4.85993,1.326145,-0.979944,-0.282967,1.805817,-0.23844,1.344787,1.09139
NiClE6,1.627925,3.638286,0.50522,0.268199,1.876491,-0.15679,0.250188,0.907174,0.303319,0.760369,2.496565,7.842737,1.467914,0.102741,-0.593833,-1.570216,-0.695776,-2.827002,-0.02521,-0.613904,-0.900083,0.247453,1.561435,0.041185,-0.272843,0.342287,1.320667,1.618319,-0.513765,0.451665,0.053144,0.344468,-0.418081,-3.341637,-0.362443,0.608572,1.30027,0.545007,3.301155,0.97235,-0.61043,-1.456973,2.693855,1.585119,-0.150729,1.122637,-1.476833,-2.050458
NiClE2,0.954056,0.422047,0.883094,-1.102903,-0.849139,0.086601,-0.229476,-0.218723,-2.42687,-0.13764,-0.32638,6.888633,-0.465915,-0.236328,-1.688263,0.563582,0.319478,-3.620547,-1.360381,-0.891232,-0.164527,-0.611955,-0.626312,-1.282982,-1.204631,-0.358975,0.563794,-0.669109,-3.754433,-1.386101,-0.485043,0.423076,-0.882658,0.279772,-1.14555,0.944243,1.887718,1.060792,-2.899379,-1.071037,-0.506278,-0.296326,-1.513395,-0.035859,-1.097425,0.816859,1.910816,0.150309
NiClE3,0.154449,1.773378,-0.317712,-1.959175,-0.040539,0.816668,1.213908,1.571909,2.274256,0.324107,0.220762,3.940894,1.606748,0.819949,-0.114217,1.391842,0.482426,-1.090312,-1.819171,-0.57615,0.030279,-0.556618,2.080074,-0.699892,1.349558,0.50748,-0.462462,0.249575,2.013924,-0.199146,0.079561,-1.010552,0.382717,3.144747,-0.587162,-1.069666,0.980798,2.977778,1.101609,-0.022073,0.223436,0.021358,2.855146,-0.172239,-1.661624,0.421837,-0.620551,0.116356
CBPCE5,0.269791,2.077353,-1.635995,-4.126814,6.198807,0.193698,0.770729,5.170365,-2.380368,-3.326443,1.29288,-1.918577,6.22778,2.817464,1.853139,0.795369,0.198697,-5.858958,-2.316002,-2.571468,2.677467,0.358202,1.546529,0.763767,0.218282,0.031945,-2.417238,-1.74904,1.834286,-1.667571,-13.11823,-3.640182,-0.411635,-12.137038,-0.107109,-3.254293,2.884948,-2.509799,-2.352343,-0.33419,2.400312,-0.221173,4.443598,0.971267,3.158061,11.451069,-2.588298,0.240522
CBPCE1,0.297213,-3.283233,-1.372261,-1.79905,2.408056,-0.078871,0.524802,7.269476,0.158816,-0.25143,-2.71536,-0.448191,7.292479,4.804646,-1.174474,-1.311951,3.310048,-13.519257,-0.167839,-2.222634,-1.694678,-2.406304,-1.330464,-6.31199,5.220919,-1.817399,-0.166336,-0.424692,2.651928,-2.500997,-5.756006,-2.43981,0.005281,-8.018381,-6.241558,-2.183711,4.372069,0.397798,0.24079,-0.660285,-6.840131,0.938388,-0.054267,-8.220236,-5.939317,1.962988,-0.959982,-3.214439
CBPCE3,-0.869497,-0.249869,-1.107471,0.542569,5.880959,0.010488,-0.638861,2.880246,-0.009194,-2.919488,3.415442,-3.208049,5.657706,0.329115,-3.461163,-2.182171,1.406921,-1.73815,-3.613199,-3.136874,1.07651,-0.295641,0.773649,0.33953,0.73491,-0.867993,-2.775759,-3.245746,0.156198,-1.837998,0.102666,-4.275266,3.475828,0.05423,0.539685,0.974946,0.456248,-1.541836,2.114934,-1.084403,-0.522316,-2.111877,-3.600211,-9.205403,1.337253,-6.081565,2.100461,-2.765348
CBPCE2,1.918223,-1.032439,1.500332,-1.160913,2.033657,-0.823148,0.306445,4.809852,-1.483519,-3.714571,-0.299102,0.758023,5.340127,0.89612,-1.93656,0.752795,1.832322,-3.960941,-2.001904,-1.651768,1.559041,-0.260568,1.043579,0.135887,0.063982,0.096558,-1.146394,-0.178856,1.829251,-0.648761,0.089228,-1.533541,-0.336065,-4.396241,-0.772293,0.61853,3.279821,0.176566,1.684282,0.483975,-1.995776,-0.602881,-2.670018,1.412006,1.947169,2.393512,0.776748,0.769407
NFLXE1,3.880979,-5.36229,0.308906,0.021843,12.519135,0.933515,-1.530616,9.918877,-1.93398,-0.852168,5.709515,2.672643,8.854295,6.186001,1.132784,5.305642,0.698907,1.546614,-2.098956,-0.490269,-0.849127,0.838489,-5.942884,0.26049,-0.302983,2.246217,2.319778,-2.738091,-6.246309,4.811084,-0.186212,-3.228293,1.125528,-1.748531,0.80894,3.422498,3.561149,-0.998459,-3.035325,4.444538,2.012737,0.135413,-7.639537,-4.089698,3.046363,3.552738,3.04175,1.022716
NFLXE6,0.018347,-1.276893,-1.22782,-0.166026,10.432846,1.176542,0.403849,7.844403,-2.57499,3.796772,-3.757985,2.485611,8.383777,6.07962,-0.111805,0.755078,0.415285,1.079153,-0.002383,-2.521536,0.126556,-0.784373,1.040504,-3.037138,-3.27973,-0.760575,1.83174,-0.352338,-6.905345,1.077542,0.092764,0.242895,-0.200051,-3.149916,-2.657653,0.015083,0.892252,-0.941051,1.427934,2.938746,-4.110315,0.348156,-5.861885,-0.837391,0.770044,7.639356,-2.790704,-1.502894
NFLXE5,6.70793,3.44458,-0.174439,-0.394707,12.524421,3.110964,0.716225,11.126569,0.16243,-0.020632,4.259385,1.18023,10.355576,5.162656,-2.133261,5.037917,0.469418,5.686869,-0.011993,0.495076,-0.490451,3.027115,1.012847,4.120978,1.053737,4.790976,0.86961,-0.580479,-5.235937,7.852397,-1.65305,0.374843,2.949337,-1.377566,4.352185,3.331348,2.16817,1.349855,2.412278,8.245121,4.517687,0.171052,-2.936563,1.960147,8.449188,6.334065,0.64807,3.121629
NFLXE4,2.28504,-1.009576,-2.688891,0.848818,9.362921,0.220126,-1.256034,8.905559,-1.693868,-2.175967,-0.738087,2.980514,9.373364,5.038019,2.143586,1.806087,0.535525,2.36091,0.06311,0.226579,-0.935192,-0.214537,-3.923158,0.412958,-1.114235,0.391225,2.574598,-0.188001,-7.982582,4.026377,0.102449,-0.257949,-0.619969,-1.719588,1.093708,0.861847,3.842722,-1.899806,1.639269,3.192865,-1.484999,-0.109022,0.248208,-0.165655,2.75354,-0.989294,-0.938053,0.535415
SDCE1,0.287162,0.45844,-0.384081,-1.765315,0.672354,-0.07927,0.299703,-0.469352,0.801396,0.021784,0.909172,-0.102018,0.080315,0.362975,10.410916,3.145082,0.47816,6.463908,-0.139105,0.653067,-0.827394,1.123971,0.876171,0.078643,0.276969,0.256086,0.010406,-0.372395,1.955814,-0.282382,0.102666,0.250431,0.311102,0.401352,0.259172,0.263768,0.461758,1.81577,0.950114,-0.446193,-0.134447,0.377139,-3.359316,0.151179,-0.025963,-0.260277,-0.304813,0.821756
SDCE6,-0.33749,0.027607,-1.616698,-2.111429,-1.30E-05,-0.266778,0.353852,-0.65528,0.190731,1.466487,2.658667,-0.548376,-0.776212,0.197428,9.084576,2.649233,0.516793,5.982045,-0.707716,-0.277004,0.021166,0.433541,0.749745,-0.489081,-0.139257,-0.527829,0.157842,-1.26364,-0.524096,-0.307129,0.102666,0.695696,0.202158,0.992353,-0.236479,0.442062,0.423136,0.80411,2.431309,0.075348,-0.434593,0.01902,-3.688651,-0.112992,-0.558624,-0.195395,-0.778919,-0.82452
SDCE2,0.191048,1.793997,-0.695281,-2.061118,1.452799,0.128496,-0.004556,-0.207361,0.364057,-2.532302,2.149713,-2.39685,1.408171,0.254597,9.040906,2.373125,0.574587,3.095607,-2.150781,-1.271633,-0.595933,-0.315563,0.957086,0.992511,0.417149,-0.596968,-2.470307,-1.940836,-10.299471,-2.886137,-0.071287,-4.011462,0.357507,0.422388,0.700842,0.418491,0.330461,0.731054,2.240638,-2.878725,0.61583,-2.381122,-0.929378,-5.251375,0.835974,-7.146739,0.015809,-0.586854
SDCE3,0.538682,0.595567,-1.305615,-2.484912,1.220635,-0.050085,-0.189301,0.5538,0.186698,-0.321798,1.152288,0.728013,0.235383,0.205891,8.177147,2.292581,0.243408,5.463871,0.056383,0.973929,0.211458,-0.346344,0.957007,0.526711,0.364099,0.20333,-0.208728,0.382956,1.311065,0.311389,0.102666,0.214386,0.034975,-0.18313,0.381285,0.586577,0.841432,1.965131,2.050038,-0.098311,0.149211,-0.043142,-2.990238,0.042385,0.676368,1.300403,-0.028656,0.833615
SXZE2,1.653455,0.914602,-1.171002,-1.018562,2.80466,0.827291,0.205749,1.964789,-0.630425,0.280083,-0.301509,-2.495996,2.423218,1.207084,1.649067,9.361803,0.811568,-10.107389,-1.013858,-0.453167,-0.903849,-0.0504,0.066564,0.963352,-0.894678,1.469899,-0.976215,0.213788,-11.436221,0.961642,-0.787248,0.829346,3.735135,2.176929,1.03007,-0.957401,0.279876,0.779576,3.542935,0.689377,-0.240416,0.420335,7.358282,1.452504,2.46299,3.085139,-0.729133,0.029583
SXZE4,0.807345,-2.012223,-1.550819,-1.142622,12.408185,0.859484,1.105808,8.968916,-1.884728,-1.825717,-2.217011,-1.781288,6.052829,1.973707,-1.171312,7.750702,0.054957,1.684617,-1.269302,-0.705629,0.996586,-0.686809,0.703895,-2.15571,1.168725,-1.773784,-0.365616,-1.512116,-9.734421,-0.610203,0.102666,-0.72707,-0.570905,-3.687722,-1.745477,-2.517196,-0.107356,-2.628121,-1.261561,4.150584,-4.048711,0.985516,1.630005,1.734033,-1.645871,6.735506,-0.893622,-2.359242
SXZE1,1.098857,2.688017,-1.512061,-2.496042,-1.894816,-1.019589,0.183143,1.789389,-0.875115,-0.148336,-2.250457,-2.241852,1.000988,0.483844,0.223648,7.544564,0.089423,-0.201869,-0.284882,-0.584113,-1.711485,-0.608076,-0.60194,-0.813503,-1.906053,-0.681251,0.704896,-0.057995,-11.217112,-0.334913,0.102666,-0.484087,1.712129,2.605495,0.095835,0.213284,-0.841239,0.232441,-4.445998,0.099244,-1.842824,0.72654,-3.050158,0.118594,-0.640885,2.262111,-0.536512,0.182793
SXZE5,0.119039,-1.411266,0.737848,-2.879592,1.079543,0.102906,1.033212,0.829878,0.285418,-0.273861,-0.244665,-0.136758,1.664057,0.621016,0.514959,7.676885,0.808344,3.660836,-0.000416,-1.356932,1.190602,-0.505991,1.577797,-1.2867,0.2706,-0.486948,-0.261141,0.429119,-0.268004,-2.645231,0.081353,-0.581236,0.339908,0.443277,-0.914066,0.17937,0.369393,-0.105698,-0.455534,-0.452363,-0.175576,0.631929,3.241012,1.43483,-0.372371,5.675526,0.014517,-0.038025
FOSE3,1.079263,-0.151195,-0.917628,-1.992946,-0.362326,-0.4466,-0.23672,-0.139736,-0.90659,-0.042485,1.088706,0.026156,0.004443,0.116638,-0.513488,1.271246,6.137077,2.743033,-1.05463,-0.921441,0.031238,-0.46362,0.886023,-0.281409,-1.102074,-0.128788,0.160414,-0.152714,-3.467084,-0.555778,0.102666,0.185123,0.909788,1.36716,-0.079604,0.392593,1.31294,0.848758,0.907964,0.481851,-0.806996,0.919879,-3.043859,0.567368,-0.842822,-1.283043,0.502019,0.042108
FOSE6,1.35498,2.63343,-0.375354,0.286817,1.564813,0.581909,0.556212,1.150992,-2.324175,-0.868559,-1.250545,-1.250206,2.612425,0.153974,-1.668294,-1.711211,4.290869,-5.573207,-3.511982,-2.894612,-0.100784,0.456411,-1.260145,0.863839,-2.74784,-1.29937,-2.283141,-3.996838,-9.391591,-1.910222,0.102666,-4.698312,0.539661,-0.390277,1.242516,0.822415,1.48363,-0.699376,2.563428,-2.274254,-0.387748,-0.965141,-2.254683,-0.315367,1.055083,-4.952069,-0.793412,-1.968231
FOSE5,1.188173,0.972962,-0.532489,-0.250885,0.090664,0.009193,0.935507,0.627937,0.85746,-1.540296,1.276054,1.490962,0.608259,0.120065,-1.479226,1.081098,3.131301,6.350052,-0.180239,0.837485,-0.134326,0.003927,-1.145058,1.760171,1.318539,0.318248,-0.315861,0.545293,-0.375109,0.865114,-0.88361,0.224776,1.239334,2.537365,1.383197,1.077609,0.498084,2.585023,1.573622,0.56106,2.418468,0.139822,0.516051,1.281111,1.819711,2.145452,2.886476,1.334585
FOSE1,0.76569,1.165871,0.17028,-0.7403,0.512593,0.003399,0.670507,0.997205,1.484941,-0.852988,0.96863,0.541478,0.604372,0.383309,-0.791751,1.163731,2.968111,5.590102,0.655435,0.510862,0.182247,-0.33395,0.179597,0.911965,1.0164,0.144072,0.289352,0.624251,0.685766,0.684607,0.102666,0.587366,0.577629,0.292185,0.088866,0.105132,-0.159286,0.717394,0.679222,0.353732,-0.053739,0.944031,-0.585576,0.62584,0.903854,0.240061,2.650327,0.665835
KTeE5,1.090761,2.510339,1.640279,-2.160958,1.865997,0.101482,0.674174,3.140869,-0.59504,-1.606875,2.592621,-0.40221,1.93769,0.462198,-1.088606,0.680188,0.495697,5.528171,0.602456,0.956918,0.822527,0.728135,0.430368,0.577032,1.279091,-0.025149,-0.383714,-0.1577,-0.409182,0.370137,0.102666,0.082097,0.863925,0.689245,0.190777,0.374527,1.053685,-0.559294,-0.319614,0.927219,2.964707,-0.038502,1.604546,0.455683,-0.154906,0.57238,0.990561,1.182021
KTeE2,1.826511,1.025853,0.227298,0.120138,1.020486,0.901666,1.012028,1.112417,0.284055,-0.848598,4.090273,0.679051,1.147421,0.178284,-0.098984,1.465286,0.579159,6.450356,0.023497,1.357868,10.293888,0.470097,0.397035,0.631539,0.236924,0.254085,-0.10646,0.612854,-0.987747,0.476867,0.102666,0.296424,0.736058,1.064285,0.720841,1.933758,1.476471,2.316881,-0.751782,1.209969,1.480018,2.390041,2.75333,1.093925,0.223338,0.512976,0.099076,0.662065
KTeE3,0.068979,2.296659,1.495684,-0.045142,0.356922,0.234459,0.556932,1.015804,0.267865,-0.485096,1.454083,0.685277,-0.076866,0.259136,-0.649742,1.264137,1.077429,4.006674,-0.147734,0.540559,-0.278956,0.090227,0.764803,1.165362,0.668758,-0.110331,-0.011188,0.624221,-1.475424,-0.101025,0.08666,0.359143,0.510158,1.463046,0.755108,0.022709,-0.545137,-0.189262,-0.121313,0.44617,1.302755,0.396707,0.157304,-0.00156,0.787856,0.952379,-0.175718,0.63586
KTeE6,1.388435,-0.522861,1.421898,-0.984653,0.641859,0.27528,0.364017,0.8603,0.238687,-0.266434,1.031964,0.23361,0.875885,0.092332,-0.77015,1.058091,0.391235,0.993414,-0.017589,1.113181,0.010967,0.164519,0.162653,0.329456,0.65296,-0.115023,-0.043463,-0.034283,0.87608,-0.167294,-0.690382,0.409705,-0.050667,0.699132,-0.399811,-0.607139,0.490066,1.352295,-0.44578,0.621863,0.414629,0.060088,-1.219844,0.705685,0.781836,-0.041012,0.696646,0.642964
PSE5,0.607999,-0.126941,1.171568,-1.226619,0.972541,0.215206,-1.024677,1.465268,-0.326499,0.486866,2.800045,1.765722,0.556072,0.702955,-2.056566,0.478486,1.753991,-14.272439,6.709757,-0.751545,-1.418589,-0.392901,-0.398028,-2.896375,-0.06671,-0.657575,1.457211,3.147598,-11.202454,-1.621514,0.092616,0.028593,-0.57919,-0.630006,-2.816971,0.195218,2.174831,2.427883,2.08864,0.228938,-1.936911,3.038825,-5.288059,-0.723475,-3.801717,1.337201,0.204376,-1.248198
PSE6,1.236419,-1.3481,0.224795,-0.767905,-1.306275,0.991268,1.285481,-0.834292,2.285995,-0.832938,0.701569,-1.089162,-0.956547,0.236523,-0.477088,1.329813,0.712415,-1.703472,-0.103018,-2.520508,0.256139,-0.341907,1.554039,-0.471335,2.824642,-1.63668,-2.909782,-1.552282,-11.449959,-3.471646,-1.188027,-4.769176,0.14047,0.530917,-1.05587,-0.825332,-0.031388,2.383876,0.057949,-2.350253,0.405766,-0.547143,-2.635016,-0.972963,-0.071502,-6.737836,0.161526,-1.459102
PSE2,0.417695,-2.722618,0.079272,-0.789842,-0.852458,0.088125,0.554238,0.007347,-0.375716,-0.564662,0.54315,-0.573784,-0.828104,1.386174,-2.008887,1.423697,0.211011,-0.130194,4.355663,-1.416342,-0.425983,-1.297656,-3.285142,-1.966405,-0.51045,-0.611139,1.401817,0.578577,-1.572812,-2.707415,0.102666,-0.231659,-0.47758,-1.176624,-0.627891,-1.752283,-1.149398,0.377394,-4.644903,0.026621,-4.611913,0.879196,-4.737431,0.48526,-6.626747,4.517156,-2.467604,0.789626
PSE4,-0.927408,-2.383854,-1.389729,-1.472504,-0.21984,-0.114708,0.113683,-0.632556,-0.223121,1.010367,-0.670888,-0.17961,-1.001952,0.216985,-1.379009,0.627934,1.244894,-2.630461,3.345782,-0.25601,-2.278181,-0.933473,0.125066,-3.811482,-0.487767,-0.35878,0.597312,0.199394,-8.020667,-2.887306,0.102236,0.00854,-0.280333,-1.071257,-3.193513,-1.04775,-1.19795,-0.662711,-2.075914,0.134151,-3.332519,0.317444,-4.562322,-0.897494,-3.57225,0.559695,-1.863226,-0.090958
BZE1,3.607007,-2.737621,1.526837,3.653625,-5.552515,0.109995,-0.20763,0.219187,-2.169384,0.319702,-1.092705,1.433673,-1.032621,1.392402,0.302142,2.23308,1.150385,-10.335819,1.136033,6.087503,-1.445887,1.157435,-2.548735,-1.395417,-2.366285,0.764482,1.38183,-0.687576,-2.627709,0.325612,0.056398,2.268114,0.584798,1.063605,-1.119915,1.053863,-0.478852,1.13893,-2.260913,1.498866,-5.522688,1.592711,-1.697443,-1.53546,0.254692,5.069703,1.534172,1.586228
BZE2,3.031847,0.521447,-0.301477,1.928676,-1.776386,-0.125784,-1.051126,1.193847,-0.272689,-0.829472,0.890333,1.814,1.386449,2.424904,-1.508546,0.128837,3.888616,-1.470222,0.920509,4.559148,0.137494,0.263431,-0.55644,-0.143187,-0.367111,0.713201,-0.775777,-0.410237,-2.085256,0.49183,-0.822799,-0.823186,1.179098,-1.515931,0.492023,0.318312,4.147253,-0.077923,1.722738,0.668269,-3.982626,1.10374,-3.444575,-0.09936,1.651294,5.753212,4.026332,0.609781
BZE6,1.039409,0.288642,0.029962,1.494388,0.890357,-0.084799,-0.340259,0.794889,-0.683514,0.469589,0.106976,-0.034122,1.786277,0.224268,-1.632323,0.267918,1.515863,-15.749552,0.02112,0.223223,1.021292,-0.281879,0.079615,0.863965,-0.903828,0.093076,-0.24613,-0.39103,0.989035,-0.069895,0.102666,0.218352,1.433305,-0.805954,0.974066,0.03668,1.077041,2.385162,2.326451,0.244597,0.493096,0.296377,-3.931161,-1.695401,0.660987,-0.414156,0.08052,1.009855
BZE4,1.351635,0.863456,1.367059,-0.306981,0.537069,-0.227652,0.079629,-0.140221,0.245072,1.390466,0.802171,1.37423,0.662176,0.66237,-0.540625,1.837117,0.887068,0.441349,-0.003314,1.16115,1.095618,0.192207,0.420784,0.62732,0.046176,0.213185,-0.337708,-0.176276,1.535157,-0.00673,0.102666,0.396017,0.643784,0.936028,0.953493,-0.194168,0.502243,3.32671,0.8751,0.021244,0.962776,0.881462,-3.698801,0.150537,0.358659,-0.112754,0.400036,0.412956
DCSE4,1.377826,-1.167694,-0.501598,-0.874379,0.717402,-0.804467,0.509935,-0.285923,0.609851,-1.185179,-0.260186,-0.438241,3.416926,0.097516,0.27388,0.104212,0.873499,6.79831,-0.342055,-2.110262,12.306152,1.450317,0.850277,-0.302227,0.985607,0.057297,-2.987752,0.427184,-12.406783,-3.826952,0.102666,-5.245401,0.729853,2.007575,0.457293,-0.02516,0.653823,3.957932,-1.847368,-2.690172,-0.549067,0.367826,-4.247743,-4.418906,1.683711,-2.761834,-0.988712,-1.348593
DCSE2,0.809273,1.803231,1.111892,-1.649909,0.699392,-0.968855,-0.543407,0.813497,0.610132,0.41012,-1.07747,0.686275,1.410264,-0.285692,0.309205,0.651257,1.284941,-15.749552,0.01306,-1.802173,13.439822,-0.661422,1.251669,-0.629941,1.219949,0.214825,1.1245,0.517748,-1.956864,-1.38726,-0.938085,-1.847805,0.375988,-0.491224,-0.32307,-2.278121,-0.263586,1.336469,-1.581767,-1.876799,-0.229361,0.136922,-2.121137,0.12172,0.746097,11.826661,0.33257,0.484248
DCSE3,1.332867,1.911125,0.639205,-1.031556,1.321104,-0.209108,-0.496167,0.334532,-1.566409,0.270918,-0.481118,0.64101,1.592468,0.645868,-0.03182,0.80729,1.331566,-6.835071,-0.359805,0.031382,11.259174,0.042177,0.451425,0.791127,0.207936,0.55152,-0.782429,-0.004468,0.723992,1.3853,0.073161,-0.395733,0.231127,-0.857542,0.853609,-2.315154,1.52764,0.793473,-1.593665,1.26423,1.797054,1.969274,-3.455801,-2.139242,2.936115,-1.367838,-1.506664,0.452844
DCSE5,-0.025566,0.009073,0.812654,-0.561846,0.488576,-0.227677,0.374658,0.863365,0.146337,1.134183,0.049196,0.634563,1.156092,-0.697807,0.193576,0.855928,3.705847,-2.103867,-0.481267,-1.863879,14.026613,-1.746041,-1.481216,-1.955616,-1.209656,-0.559606,-0.195079,0.280054,-0.342794,-2.794803,-1.011575,-1.02499,0.083134,0.351599,-0.108034,-1.739155,-0.042624,-0.193816,-1.192683,-0.418382,0.416447,2.426353,-1.270684,2.203682,0.643471,3.381836,0.156394,-0.285523
MMCE6,4.015182,-0.446147,-1.468284,1.844578,2.812135,0.170602,1.929287,2.891129,1.533164,0.871009,7.125631,4.251143,2.92802,2.198748,1.030859,-0.060093,3.704092,-3.098667,-1.050235,1.217516,0.954167,8.757729,1.5826,3.180379,3.910701,2.515053,-0.3081,0.756605,-1.677718,0.930887,0.102666,-0.588381,3.420439,6.211776,2.976877,0.934467,-0.610922,1.948428,0.335031,2.550006,0.635913,1.414276,2.099396,2.736346,5.93593,0.252382,-1.044274,1.876128
MMCE4,7.056395,4.850714,-0.476779,0.688542,11.892292,1.166242,-0.352111,9.518429,-0.822862,1.672772,12.562187,1.955931,9.685427,4.821264,1.816796,1.578803,1.003542,-0.445434,-1.05553,2.079816,-0.746771,8.757309,0.399858,6.488357,2.086828,5.221146,0.847794,2.024445,-7.724937,8.928998,0.102666,3.298266,6.471272,3.102352,6.224923,2.449408,0.066205,-0.729482,-0.412942,5.398206,9.827357,2.257033,-1.531765,1.364149,9.987507,3.480295,3.341287,-6.530627
MMCE1,3.724326,2.392209,0.101195,-0.794854,1.533476,-0.158175,-0.536738,1.070358,-3.590785,0.733936,6.073855,1.95326,1.484967,1.289301,0.347327,1.165888,0.884397,6.919509,-0.133219,2.750038,-0.89746,8.757729,0.312732,5.202202,-1.179296,3.494425,-0.259302,3.501029,-3.845581,3.336127,0.102666,1.549109,2.741044,4.016674,5.639628,0.062042,0.612338,2.449971,0.298907,2.015993,5.417677,0.012841,-0.611303,1.02105,6.144702,2.909068,0.791907,4.323722
MMCE5,5.30461,5.987395,0.649529,0.385429,1.119195,-0.810869,0.037001,0.884107,-1.800718,0.831682,9.770248,2.676918,1.237429,2.226647,2.091832,3.423869,1.870881,7.044359,-0.11826,3.240916,-0.01947,8.757729,4.915553,5.557591,0.886843,3.390043,-0.909522,2.926456,-0.832319,3.513251,0.102666,2.249818,5.998745,2.064891,5.382819,1.049687,0.180599,0.967565,0.53891,2.135298,8.295856,-5.464427,1.459732,-3.857301,8.393396,3.755428,4.7942,3.695208
VCME6,1.227993,0.358968,-1.375837,-1.047575,-1.28972,-0.059617,-0.374056,0.521764,-0.831622,-0.323962,-0.683769,-0.908252,2.058512,0.882195,0.275394,-0.04252,0.363535,-11.80562,-3.452344,-2.315091,-0.436366,0.345135,2.741783,-2.182785,0.506346,-1.055673,-0.487344,-1.180739,-12.115124,-2.320338,0.102666,-4.400477,0.684621,4.692576,-1.424199,-1.029151,0.930241,-1.440636,-0.590165,-1.588645,1.654178,-1.364024,-3.345202,-2.590135,-0.907072,-0.734007,-1.683004,-1.739286
VCME2,0.170352,-1.881081,-0.235063,-0.314189,-3.468988,0.887748,0.795932,-1.504904,-1.258117,0.745482,2.451284,0.832375,-1.701759,0.220369,-0.435979,0.840304,-0.229294,0.998916,-2.724403,1.125519,-0.080051,0.590665,5.608386,-3.00332,-0.010367,-0.470831,-0.557834,1.003891,-12.779858,-1.337115,0.102666,-1.092951,3.172147,1.247996,-2.909156,0.07116,-0.184032,-1.248078,2.145269,0.132933,-1.979752,0.20384,-1.197547,-1.927084,-2.772217,1.000692,-0.25628,-1.730734
VCME4,0.718115,0.030119,-0.47506,-2.345002,1.585125,-0.15339,-0.510804,5.238298,-0.866549,-0.5862,2.815435,1.888678,4.955554,1.366431,-1.487239,1.603822,1.260165,-7.299203,-0.322255,-0.070143,-0.382508,-0.148747,2.698102,-1.432236,0.965153,-0.064018,1.167723,1.164405,1.47401,0.929982,-0.239185,-0.140404,0.774651,1.35652,-0.870613,-2.216205,-0.442387,0.337118,0.301489,0.771497,-0.641954,0.007602,-3.064139,0.056787,0.179199,2.804637,-1.217328,0.959355
VCME5,-0.205766,1.424621,-1.259458,-0.412034,-1.884419,-0.057892,-0.082672,-0.208698,-0.477811,-0.990996,-0.189096,0.055775,-1.217303,-0.003322,-0.084269,-0.110826,-0.79647,-6.38786,-0.189789,1.024303,0.846573,0.322742,4.727285,-0.106421,-0.072621,-0.315919,0.645238,-0.896949,-5.550903,-0.189003,0.101596,0.302508,0.49074,-1.300247,-0.142186,0.476773,-0.786934,-0.058532,0.281981,0.293697,0.521997,0.46178,-2.430703,-3.507635,1.19727,-1.264626,-0.153119,-0.221616
ATPE3,3.950545,6.727715,0.219314,1.247579,1.657361,-0.337136,0.283649,1.274861,0.433811,1.43309,7.939179,3.110492,2.961058,0.307018,0.330062,0.665929,2.491828,7.249072,-0.831763,1.317663,0.165143,2.53781,0.147324,6.128631,0.302962,4.51027,-2.235122,2.566919,-0.924603,3.099975,0.102666,0.724233,4.353163,1.850777,5.952015,1.078971,0.859516,1.412293,1.168252,1.702085,10.654338,1.002676,-2.350669,1.284445,8.051718,0.165709,3.436162,4.437381
ATPE1,3.495388,5.357788,-0.03475,-0.030548,1.844142,-0.102332,0.084897,1.096239,-0.7352,-0.119839,5.594363,1.791581,2.146007,0.383186,0.367553,0.62154,0.375744,5.188864,-0.742545,1.348369,0.075659,2.011345,0.324394,4.53155,-0.568459,3.157556,-0.312062,1.996334,-3.220225,1.819604,0.102666,1.254103,3.429159,2.182738,4.714355,1.175354,0.967881,1.544867,1.538056,1.576758,6.655172,-0.398688,-0.393015,0.038615,5.020563,-0.979225,1.468067,2.993388
ATPE5,2.091713,-2.565467,-1.053114,-0.447544,1.206475,1.03679,1.522735,1.664325,-0.524883,0.146736,6.32487,1.215801,1.856379,0.451202,-0.049229,-5.176768,1.272244,-15.749552,-0.940946,-0.176215,0.08852,0.954647,0.33644,4.58269,0.696553,1.951733,-1.214674,3.819376,1.057021,1.85684,0.102666,0.663785,5.283488,-1.816051,3.809105,1.538439,1.552423,-2.020186,0.856049,0.788578,9.790791,1.036329,-0.402823,2.06221,5.047476,3.494215,0.265231,4.172511
ATPE6,0.525347,2.016753,-1.536819,-0.318441,2.73716,-0.604749,-1.30528,-9.310718,-4.695746,-9.909785,-1.91928,-2.750065,4.7185,0.54853,-3.232316,-2.460942,0.37016,-12.82575,-4.81467,-1.941938,0.023176,-2.320201,0.496906,4.294624,-0.348646,-15.513955,-0.437063,-4.528008,-16.628607,1.509971,0.102666,-0.973578,0.905898,-3.964476,3.466925,0.607691,3.68675,-3.388503,1.088267,-0.713563,-1.566811,-2.869211,-1.786621,-9.711505,5.362874,2.215809,-0.472153,1.419391
PLME3,-1.688754,-5.09427,-2.732551,-0.847359,1.256379,-0.217439,1.51887,0.870891,5.050603,2.643754,3.66291,1.847576,0.293536,0.180558,0.719334,-1.091364,1.066275,0.144395,-2.72522,-0.46893,2.365046,1.325519,2.173776,-4.621657,11.005377,-1.830475,-2.163445,-0.299305,-3.347557,-2.691225,-1.251995,-3.665911,0.465836,4.234698,-4.31864,0.067841,-1.557403,5.268661,-1.559613,-1.446764,-2.304668,0.51183,-3.272888,2.704337,-3.938142,-3.046186,-0.204005,-4.740892
PLME5,-0.298478,1.785291,-0.843699,2.080322,1.42203,0.310822,2.024124,2.517915,4.736453,-1.519793,3.63235,3.578012,1.60938,0.946048,-3.012168,-1.334423,2.775016,7.250233,-1.357374,1.66938,1.032456,0.417895,2.235514,1.019895,11.218974,-0.061879,-1.465087,4.711365,4.451061,0.4337,0.094707,1.267529,1.203112,6.839272,0.6421,2.232592,1.39543,2.352705,2.591741,0.916465,-0.412404,3.417466,-1.31397,1.943283,0.147167,-4.748078,1.65153,0.220721
PLME6,-0.929633,-2.711654,-0.109288,-0.173386,0.053808,0.918038,1.296255,0.983021,5.119212,2.476323,2.618614,0.510311,0.083375,0.912701,-1.995153,-1.052469,1.390624,-9.995483,0.604969,-1.09448,2.212469,-1.619575,2.936292,-9.615104,11.218974,-1.163605,0.498881,-1.982824,4.101994,-3.304517,-1.622203,-1.194805,0.453168,3.403552,-8.968083,0.198705,-0.85552,1.613304,0.505423,-0.843002,-4.514678,2.422769,-5.31581,1.610338,-7.816793,0.191816,0.072108,-6.84074
PLME1,-0.360453,0.589337,-4.843096,-0.488831,3.248415,-0.660434,0.981219,2.85709,2.861607,0.285105,5.639078,1.330942,2.503341,0.144969,1.284529,-1.121098,0.630085,4.927168,-0.517251,-0.168929,0.021424,1.268588,1.788013,0.167565,9.971604,-0.115274,0.800627,-1.318049,-9.328887,-0.392674,0.102666,-0.032334,0.692939,2.965434,1.170114,0.654764,-0.939966,-1.306483,-0.845171,-0.800021,-3.570032,1.299076,-0.171438,0.039814,2.594616,1.555592,-6.311207,-0.367513
PHENE2,5.525426,4.49791,0.050861,1.250783,2.570853,0.380031,-1.5386,1.582069,-2.950637,-1.870575,9.082598,0.786103,3.685968,1.144892,-1.061407,-1.129386,1.585051,4.304167,-0.094196,1.131073,-0.844696,2.597029,0.740799,7.994099,-0.115006,5.009511,-0.282966,3.202148,-4.15949,4.419177,-1.18102,2.690074,3.39959,-0.670131,7.451984,1.403745,2.017139,0.251038,3.300246,1.9926,7.373668,0.438304,1.205521,-1.380724,10.156735,-1.328392,4.191258,2.962203
PHENE5,6.052357,5.527063,-0.300561,1.349492,2.740436,0.035995,0.340413,2.823576,-2.095782,-0.378896,10.060446,2.102564,4.364118,0.484486,0.160641,0.854241,1.178833,6.017372,-0.69796,1.142736,-0.356743,2.247286,0.106157,7.952597,-1.180894,3.57308,-0.133693,2.283365,-1.028892,3.006835,-0.272654,1.837758,4.226995,2.849533,7.868099,0.94289,1.210368,0.689596,1.960878,1.232408,8.619702,-0.046235,-3.397709,0.731382,9.351356,0.672738,3.509071,3.942949
PHENE6,3.144,3.611911,-0.12775,-0.217636,1.272797,-0.580426,-0.385009,1.3961,0.2763,-0.364348,4.698546,1.861637,2.915728,0.114239,-0.300207,1.120675,2.315259,6.9625,-0.772734,2.485157,0.137284,0.462681,0.209486,4.410065,-0.18963,2.780927,-0.84592,1.695041,-0.221134,2.110548,0.082307,0.420855,1.084588,1.269414,3.808682,1.163364,2.685125,3.046941,0.58574,1.42212,5.435621,1.027982,1.459235,0.403191,4.165577,-1.590349,3.7944,2.171642
PHENE1,2.040028,8.271707,0.001191,1.489377,0.880312,-0.026362,0.012651,0.301473,-0.355646,-1.719038,4.976557,-1.292761,1.955066,0.249782,0.380811,0.680654,0.718435,1.005969,-2.062064,-0.483845,-0.016906,0.801887,0.359466,3.859287,-0.53914,1.002424,-2.020875,0.605478,-11.087094,0.852891,0.102666,-1.611094,4.496199,1.948054,2.792784,1.160165,0.373931,1.098876,1.602449,0.120944,4.583466,-1.935816,0.92286,-3.29734,3.140252,-5.693429,1.082185,1.351011
3.ATE1,-0.743732,1.435445,-1.500178,1.02154,-0.385454,1.024449,1.877967,-0.892649,0.490858,-0.536239,-0.533972,-1.112935,-1.409541,0.226925,0.822365,0.906589,-0.134692,5.435798,-0.927525,-0.234171,1.557259,-0.437457,-0.617931,0.778339,-1.346418,-0.268924,7.417984,0.802365,-12.272348,0.1263,-0.750072,-0.288843,5.387686,2.693749,0.788723,-0.767213,0.181597,0.112529,-0.741598,0.21476,2.255792,1.169465,-0.064998,0.188466,0.65715,3.287327,0.00442,1.809248
3.ATE5,1.950308,3.098628,0.886962,0.493308,1.716516,-0.091071,-0.764402,0.964748,-1.923247,-0.329555,-5.071236,3.912062,2.428907,-0.74765,1.32348,0.822795,-0.472614,6.729654,-0.040845,-0.549869,-0.91886,-1.401653,0.396453,0.101977,-2.720673,0.110293,4.973103,2.791433,-12.011599,0.615615,-0.065159,0.231336,0.864914,-2.518193,0.301196,0.524575,5.215265,0.769962,-0.607506,0.915585,2.691414,1.106845,-1.288501,-6.451399,1.341038,-1.827892,1.903435,1.064746
3.ATE3,0.719691,0.967989,-0.301381,-0.129947,0.201322,-1.640267,-0.172956,-0.074743,-1.211727,-1.717334,-2.365746,2.610874,-0.052788,-0.637058,0.056309,-1.082179,1.432304,1.847057,0.428112,-1.682461,1.175104,-3.010628,1.474491,-2.464083,-1.391036,-1.113438,5.534869,-3.161113,-7.109236,0.108955,0.081187,0.208299,-0.080884,0.402517,-0.965942,-0.731323,3.70385,0.023904,-1.480425,0.413724,-0.724525,-3.246285,-3.170268,-0.91364,-0.984782,-0.042388,1.499668,-0.503818
3.ATE4,1.104371,0.249249,0.72943,0.891044,0.568236,0.23364,0.533888,0.757007,-0.10536,-0.417087,-0.424345,0.021786,0.49327,-0.338896,-0.245164,0.741858,0.185391,2.669814,0.047864,0.3676,0.594923,-1.320684,-0.244549,-0.26873,-0.850641,-0.191467,3.79325,-0.287832,-2.804797,-0.599023,0.06227,0.27317,-0.033721,0.861943,-0.214672,-0.030762,1.409587,2.366528,-0.212647,0.38549,0.27727,0.295747,-1.371673,0.071949,-0.021288,1.533069,0.249821,0.020362
NVAE1,-0.336912,1.121954,0.017095,0.666832,0.269741,0.313072,0.819336,0.514857,-1.266953,-0.655055,2.408585,1.124624,0.691137,-0.428756,0.39784,-0.306099,1.556987,4.914665,0.024363,0.241364,-0.506706,0.095383,-0.214396,1.91723,-0.996448,0.086244,-0.249898,6.894603,-1.995149,-0.251987,0.102666,0.471817,-0.210437,0.590598,1.140996,0.207227,0.906878,0.893225,1.74287,0.610002,1.749592,4.120259,-0.938674,1.574129,0.64385,-0.482041,0.377517,1.68063
NVAE2,0.199477,2.133589,0.275537,1.183992,0.367867,0.204065,0.865528,0.890963,-0.921013,0.400356,2.522437,0.868078,0.777991,-0.687905,0.376469,0.301686,0.612058,2.887817,-0.886415,0.590412,-0.261206,-0.15986,-1.060224,1.57011,-1.044239,0.381484,-0.316994,6.632109,-5.445263,-0.221472,-0.290727,0.255017,-0.123011,-0.636185,1.174121,0.25858,2.251656,1.458179,0.958989,0.300079,2.352779,3.927865,0.79842,1.212567,0.871125,0.971571,0.521005,1.006228
NVAE5,0.961922,1.830105,0.044741,-0.004145,0.036826,1.063882,2.021425,-0.176419,0.334232,-1.547043,4.616979,-1.518033,0.488585,-0.334546,1.315783,1.479838,0.811818,-2.180231,-2.999271,-1.227275,-0.899111,-0.822288,0.435962,1.660349,0.82621,-0.628637,-3.442883,9.273476,-12.767052,-1.731627,-0.084057,-3.759964,3.235285,1.884648,1.44686,0.559336,1.863038,1.785843,-1.436974,-1.469961,5.794218,-4.462536,1.52433,-3.175355,1.059785,0.235283,0.485022,3.107613
NVAE6,0.656986,1.463078,-0.983577,1.290088,-0.215215,1.28223,1.936165,0.928187,-0.763378,0.280393,3.167456,2.845811,0.868866,0.318693,0.255095,0.271757,1.426314,4.605847,-0.937326,0.90058,-0.814003,0.407474,-0.488137,1.308204,0.51332,0.192681,-0.120508,9.273476,-5.132109,1.393367,-0.937434,-0.628452,-0.272231,3.377532,0.75544,0.315911,1.516958,3.594198,2.623195,0.643611,-1.146567,3.242275,-2.333276,1.040575,0.948662,-1.581655,0.145339,1.87512
MECE5,0.245192,1.437411,1.095954,-0.318733,0.657366,0.077062,1.029461,0.77733,-0.477991,-0.404331,-0.234927,-0.389633,2.130392,0.160101,0.419406,1.112979,0.814326,0.67055,-0.162753,-1.20537,1.736378,-0.584314,0.266618,-1.821729,0.302287,-0.43548,-0.051412,0.475232,0.604166,-1.945559,0.009206,-0.903792,-0.88183,-0.144113,-1.052012,-0.813823,0.835165,1.533394,-2.333673,-0.415999,-0.684118,0.268372,-0.826496,1.390898,-0.478647,3.931133,-0.09118,-0.487471
MECE6,1.212991,-0.420187,0.277861,-0.098647,2.744664,-0.05321,0.122672,4.401297,-0.335039,0.463613,1.691495,0.722597,4.387198,0.860578,0.269941,1.990978,-0.086145,3.057098,0.733466,0.221807,0.146411,-0.550794,-0.075185,0.201144,-0.012057,0.048045,0.233448,0.184658,0.297242,1.051885,0.080863,0.935904,-0.880489,0.911601,0.011786,0.035174,0.397153,3.050977,-0.438897,2.626676,1.091533,0.126163,-0.0568,1.026482,-0.091492,0.651864,-0.434917,-0.053922
MECE3,-0.305994,0.578241,0.115699,-0.078998,0.464418,-0.151532,-0.278384,0.574559,0.180715,-0.197798,0.610661,0.128457,1.003358,-0.055898,-0.305543,-0.019755,-0.132963,-2.415833,0.885264,0.458388,-0.210223,-0.385228,-0.869447,0.112833,-0.308618,-0.43002,0.623972,-0.576373,-3.275676,-0.084015,-0.144188,0.128168,-0.188435,0.468421,0.053478,-0.77081,0.006738,0.402778,-1.440484,0.289715,1.143508,0.952325,-2.481703,0.069004,0.556392,1.75653,-0.922492,0.462395
MECE2,0.102128,0.149583,0.44992,-0.438696,-0.123869,-0.04575,-0.28906,0.273061,-0.332312,-0.252007,0.09755,0.248186,0.291207,-0.376459,-0.092058,0.227456,0.350882,0.776949,0.870541,0.289876,-0.192957,-0.461616,0.038121,0.056443,-0.504365,-0.499904,-0.064257,-0.477465,0.408914,-0.506571,0.102666,0.209491,0.345293,0.409725,0.112029,-0.811885,0.347633,1.407127,-1.378431,0.386762,0.920578,0.242804,-2.515319,-0.009241,0.02962,1.623531,-0.116982,-0.612212
TETE4,9.632214,4.274406,-2.088835,1.085031,12.550263,-0.771352,1.022426,10.410594,-2.431279,-0.65125,2.961893,2.367961,9.573506,4.02494,-0.244255,5.009823,1.006721,5.212979,-2.069189,1.890224,-2.278501,3.314874,-6.528364,4.766057,-1.30539,5.145162,0.016962,0.186964,-7.351183,9.157014,0.097396,1.742658,5.514177,3.941922,5.674959,3.422202,0.696,0.604349,-3.418397,6.751454,11.818359,-0.01147,1.344725,0.565239,8.246175,3.238808,-0.606912,2.847892
TETE1,7.544326,3.770511,0.583787,-2.065932,9.856608,-0.045128,-0.218762,10.091894,-2.708604,0.307859,4.717675,1.70578,10.182646,3.334554,0.687901,1.757188,0.51901,3.728538,-0.991708,2.083601,0.129914,1.034729,1.011803,4.697078,-0.995419,3.789462,-0.404202,1.312125,0.765609,5.921983,0.102666,1.865399,3.173176,1.74072,4.463726,1.216667,2.033262,-0.293933,1.962725,4.883147,5.39907,0.058611,1.53013,0.123692,5.756165,1.541409,1.593908,1.751555
TETE2,8.876557,1.052589,0.589532,-1.330245,11.647124,0.305704,-0.27497,8.101392,-2.207106,-1.85769,9.362642,0.860198,9.519763,3.204643,-0.796606,2.986175,1.964443,-3.273155,-1.290558,-1.822243,-2.729177,2.523754,2.096494,6.983417,0.84194,4.025444,-0.430838,2.038183,-5.163213,5.87003,0.089773,-2.376819,5.199568,1.605905,6.629854,-1.888148,-0.94516,-0.295999,2.631667,0.947625,5.251853,-1.887275,-3.266396,-4.729369,8.205822,-7.936758,1.385074,2.24249
TETE6,4.610216,5.270521,0.39497,-1.697288,6.206585,-1.232067,-0.78834,5.758501,-0.648274,-1.065738,7.139746,4.527332,9.289417,2.339711,0.914515,1.673262,2.891774,7.250448,-0.918529,2.051773,0.263701,2.412705,0.737067,7.613646,0.877541,4.783915,-0.682583,2.123953,-5.223762,6.202883,0.074119,1.213528,5.623065,1.533529,7.56141,0.967323,0.8673,0.250458,1.432145,2.588633,8.705351,0.003849,1.431312,0.115989,7.271546,-0.285297,4.139592,2.5119
M9E1,0.635144,-0.331197,0.08097,-2.02123,-0.241724,0.004544,-0.53688,0.298055,-0.805842,-0.048693,-0.534959,0.239847,0.264339,0.150752,0.152794,1.222167,-0.095878,2.011421,-0.171156,-0.228994,0.182544,-0.481134,-0.011877,-0.415381,0.829241,0.226706,0.291509,-0.080411,1.077285,-0.990194,0.0972,0.313067,-0.233765,0.264197,-0.382943,-0.803919,1.079188,2.452296,-1.564632,0.088824,-0.284871,1.76026,-5.577595,0.303354,-0.053939,0.801811,-0.474658,-0.136727
M9E2,0.27442,0.607315,-0.343275,-2.26634,-0.087267,-0.05791,-0.414273,0.631444,-0.611958,-0.431395,-0.204432,0.107202,0.084808,0.068944,0.077318,0.627298,0.846255,0.694567,-0.057951,0.045731,-0.020247,-0.467504,0.261696,-0.454515,0.846623,0.032707,-0.12104,-0.311376,0.807045,-0.53975,0.069965,0.33109,-0.041106,0.205365,-0.11987,-0.74839,1.30744,1.837365,-2.993066,0.260762,0.767609,0.569825,-5.610462,0.085016,0.072418,0.364411,-1.096095,-0.074106
M9E3,0.090296,2.465288,-0.202681,0.103335,0.476733,0.940613,0.880509,0.991373,0.321577,-0.010425,3.774531,2.156755,0.583491,-0.664648,0.445477,0.76176,0.890523,3.209784,-0.655341,-0.040543,-0.76441,-0.484474,0.70405,2.418774,0.278535,0.453986,0.095198,1.042405,2.013153,0.332726,0.102666,-0.217644,3.70761,2.353313,1.631794,0.566058,0.67099,0.016785,2.775647,0.080409,7.119389,0.071402,1.72793,0.007326,1.22214,2.547448,0.725079,4.100333
M9E4,0.570755,1.314733,0.08801,-2.147262,0.045666,-0.132562,-0.488784,-0.045881,-0.687919,-0.188864,0.005799,0.142033,0.135342,0.172848,-0.031461,0.898761,1.104911,1.044996,-0.286408,-0.082864,0.556578,-0.400577,0.31891,-0.048981,0.40663,-0.042304,0.146383,-0.87919,0.774119,-0.606365,-1.015431,0.295949,-0.051317,0.316755,0.098096,-0.553496,0.845433,2.053166,-1.817117,0.21709,1.618313,-1.747891,-4.183739,0.297195,-0.050723,0.469681,-1.063009,0.501736
NQOE5,3.580575,1.355778,0.253103,-2.036967,1.715947,0.707299,0.061149,1.063648,0.154356,0.651026,4.399265,1.064195,1.909208,0.588491,0.491039,1.249625,1.013381,5.378203,-0.62617,0.990242,0.123724,3.405453,0.3675,4.509713,0.827271,4.09147,-0.466439,1.168193,0.802113,2.976155,0.098539,4.972537,0.406829,0.670323,3.507954,2.42109,0.786046,0.594817,0.768414,2.795458,-0.21448,0.334632,-2.208076,0.072565,3.055293,0.829908,1.571906,0.610249
NQOE6,2.101716,1.267481,0.634704,-1.858349,-0.906241,0.301723,-0.483852,0.87318,-0.716217,-1.789773,1.011278,-1.303025,1.081479,0.550841,0.076272,0.895311,0.705448,-1.721843,-1.935055,0.860909,-0.328971,2.513302,0.029271,1.81838,0.797231,2.262466,-3.496135,-1.22081,-8.250609,-0.679932,0.016075,0.664796,3.728522,1.195213,1.552112,0.862311,1.477001,0.945902,1.680094,-0.151685,0.148025,-2.719722,-1.16766,-4.384067,2.66276,-7.102036,-0.154082,2.027578
NQOE4,5.364473,8.78143,-1.399233,-2.882973,4.970598,-1.2553,-0.585516,2.946852,-0.988496,-0.106583,5.547026,1.686917,4.515536,1.269281,-0.983204,-1.330912,0.035105,4.682359,-0.216629,-0.231953,-1.958083,4.501855,-1.43442,6.128255,1.377499,4.975047,3.178334,0.937754,-0.598799,5.896892,-0.095625,6.171724,0.269464,3.056979,4.041769,2.443955,-0.846054,-3.277447,-1.621074,3.898847,-2.849101,0.946938,-0.460933,1.36149,7.654721,0.240908,-2.450927,4.124836
NQOE3,3.808585,2.685091,-0.383573,-1.507063,2.713893,0.064609,0.543987,1.511997,-0.67506,0.269332,3.721075,0.70694,2.774898,0.435365,0.234565,1.06271,0.327917,3.183314,-0.003062,6.218107,-0.128217,1.73982,-0.145119,3.088927,0.872105,2.641483,-0.107339,0.561508,1.176693,1.840555,0.102666,4.125833,-0.026023,0.626848,2.538986,1.079047,0.124669,0.092804,-0.304822,4.60821,1.739459,-0.438294,1.154298,0.08337,1.226313,-0.557559,0.535287,-0.157333
EDTAE1,-0.227678,3.035306,-0.175358,-2.297491,-0.031004,0.281677,0.325645,0.756551,0.255507,0.042559,0.958291,0.707821,-0.038221,0.357246,0.462214,1.092393,0.022388,2.268695,-1.084495,0.578603,0.278046,0.226615,1.626651,1.641719,0.210136,0.544922,-0.261589,0.379804,-0.390665,-0.153072,0.098906,0.375267,5.554432,1.099534,0.778801,0.118004,0.214415,0.556087,1.230198,0.421525,0.997516,-0.028617,1.881066,0.203937,0.752798,0.012886,0.205493,1.46916
EDTAE2,0.576337,-1.918836,0.36852,-0.30088,-0.144406,0.087855,-0.082799,0.717739,-0.466241,-0.415395,0.006386,2.9815,-0.217238,0.203648,0.289247,0.59945,0.615974,0.725367,-0.192121,0.589653,-0.261565,-0.457688,0.308345,0.855766,0.105943,0.007525,-0.247365,-0.390535,1.367772,-0.366008,-1.223742,0.479756,5.702896,0.015132,0.031954,-0.758591,0.513495,1.88699,-0.461291,0.41128,0.133038,0.693561,-1.400681,0.113077,0.842836,0.426207,0.571296,-0.063738
EDTAE6,1.547054,-2.216766,-0.043283,-1.519408,1.031566,0.335787,-0.764278,1.032212,-1.032816,-1.702854,1.90951,-0.39604,1.03638,0.237288,-1.895798,-0.103736,0.62104,-4.138484,0.01839,-0.16872,-0.091654,0.299822,0.735586,1.058166,0.380193,-0.061728,-0.615776,0.31018,1.645738,0.616759,-0.334696,0.280345,0.837418,-2.154174,0.049818,0.557397,1.699492,-0.349461,2.765768,-0.264013,-0.996641,0.775519,-0.007595,-0.019972,3.212492,0.355147,2.087255,0.155554
EDTAE3,0.130266,0.542891,-1.771268,-0.89411,1.044443,0.146429,0.262576,1.630997,-0.485086,-1.075993,4.484769,-0.792322,1.915745,0.500072,-0.737221,3.213116,1.299247,7.221889,-3.095915,-0.976229,-0.333717,0.308631,0.819646,1.6701,0.091369,-0.213038,0.104143,-1.868893,2.782219,-1.635831,-0.369704,0.1865,5.463528,2.980654,0.880706,0.946075,2.40628,1.176935,1.852052,0.94923,-2.871737,-0.180177,3.615222,2.905661,-0.200423,1.550469,-2.32017,-0.06789
SHXE3,0.437436,-0.34872,0.229392,0.042461,-0.81451,-0.163341,0.589883,-0.093548,0.975608,0.105307,-0.336315,-0.229504,0.426463,0.100353,0.457413,1.778454,0.155317,-1.366672,-0.112504,-0.229066,0.110987,0.52095,0.301877,-0.206727,0.411727,0.296788,-0.339293,-0.125086,0.921141,-0.855213,0.041402,-0.052356,-0.075553,7.48676,-0.84812,-0.653253,0.008717,0.644652,0.342595,0.263762,-0.178135,0.163675,-1.439993,0.282717,0.347242,0.92927,0.042706,0.298941
SHXE1,-0.21661,-0.155185,0.055531,0.262261,0.159288,-0.276017,-0.657916,-0.078889,-1.100119,-2.070884,-0.214672,-3.583464,-0.491977,-0.061766,0.324278,1.581414,-0.523002,-7.485038,-2.138445,-2.758262,-0.807595,0.411061,0.265565,-0.107258,0.218633,-0.433502,-3.003082,-0.799553,-10.329729,-2.549907,0.100831,-3.45422,-0.273774,6.783346,-0.945043,-1.850832,0.133062,0.658544,1.863128,-2.499728,0.06295,-1.903581,-0.011132,-4.327053,1.433952,-2.771304,-0.298247,-1.654124
SHXE5,1.098835,0.69648,0.991864,-0.071065,0.098492,-0.291275,-0.151086,-0.125694,-0.481157,-0.446952,0.062918,1.005993,-0.300598,-0.36034,-2.36774,0.092023,1.078124,3.211691,-0.16112,1.253343,0.636331,0.232284,-0.437835,-0.184854,-0.126105,0.350366,-0.199993,0.625828,1.289784,0.147122,0.102666,0.447784,-0.240779,7.571873,0.029959,-0.187732,0.173686,0.82171,4.050315,0.212643,0.779944,-0.028012,-3.185923,1.694912,1.048804,0.340953,2.116383,0.955486
SHXE4,1.093775,1.004624,0.70668,-0.167808,0.721539,-0.433734,-0.02952,0.748767,0.42636,1.26684,0.359411,0.13312,0.032228,0.167691,0.544,3.512402,0.821309,-4.90686,0.70837,-0.542612,-0.348688,0.323536,0.26562,1.169133,0.662063,0.027722,0.347406,1.107933,0.72808,-0.587155,-2.371923,0.830009,0.090327,7.255584,0.635973,-0.765241,0.750105,1.990521,-0.519528,0.192501,1.208615,0.048086,2.033546,0.149583,1.540919,3.326664,0.449583,-0.923132
PMZE1,4.413725,3.180047,-1.088901,0.051872,1.412202,0.062395,-0.108779,1.496553,-0.708016,1.187069,4.664544,2.00867,1.659703,0.415835,0.256968,1.242402,0.551307,5.716114,-1.781315,0.920141,-0.787718,2.463923,1.339658,6.389315,-0.266148,4.352454,-0.741153,2.319857,0.510232,2.864495,-1.191549,1.258455,5.445596,2.116957,5.909302,0.241966,1.665479,4.810253,1.58036,1.930369,5.093264,-0.097151,1.961443,0.266571,6.236296,-0.54176,0.558568,3.405438
PMZE4,3.394523,3.910296,-0.541713,0.28296,2.238592,0.011434,0.082509,1.799273,-0.673152,1.352347,8.452573,2.10273,2.098442,1.523099,0.262014,1.449774,0.877679,5.233991,-0.993089,1.110865,-0.926201,2.519308,0.675089,6.635652,-0.234762,4.59187,-0.489695,2.452582,-3.051182,3.741412,0.063821,1.285154,1.758707,2.490399,5.824833,0.913344,0.990512,1.4815,1.608249,1.762026,7.927392,-0.230025,0.240945,-0.03569,6.333248,-0.783314,1.963221,3.019884
PMZE6,1.693489,1.302453,-0.150911,0.901239,0.756886,0.252463,0.341343,0.936408,-0.237551,1.369837,2.89826,1.027438,1.101966,-0.234842,0.400069,1.672535,0.456886,4.616113,-0.116763,0.389461,-1.011414,1.478059,0.151662,3.498064,-0.055083,1.948444,-0.281978,1.747537,1.645711,1.090022,0.102666,1.394687,3.03922,1.760106,2.926045,0.085124,0.506639,1.424497,1.847336,1.559561,10.816276,-0.470673,-0.613089,0.115649,3.648498,-0.974907,1.64386,3.954331
PMZE2,2.409292,-1.187278,-4.012079,0.924402,1.48825,-0.752681,2.051163,1.261651,0.107116,3.199878,4.33762,2.854504,2.475656,0.891802,3.025168,-0.772337,1.694246,0.774055,-2.010292,1.692564,-1.253252,2.500901,1.574896,4.470029,1.053995,1.188907,1.64048,-0.487303,-11.544099,0.308086,-0.25318,0.354249,3.050393,1.980276,4.041794,2.006066,-1.739425,-0.472562,-1.659231,1.25228,-1.206962,-0.102534,0.677541,-0.024944,8.460858,3.309655,-1.019223,1.74681
NITE3,1.493269,0.331224,-1.067638,-2.535724,-0.007313,-1.144932,-1.360779,0.057341,-0.959964,-0.411238,0.417568,-2.136365,0.097795,-0.08923,-1.907065,3.406129,1.283032,-2.377271,-1.079335,-2.047673,0.019469,-1.371861,0.060928,-2.171252,0.186382,-0.618166,-3.054573,-2.125518,-9.663286,-1.773258,-0.120327,-2.909898,-0.672348,0.013102,-1.456432,6.158937,1.041418,1.817489,3.044913,2.382812,-1.830114,-2.437462,8.54232,-8.685765,0.922414,-6.821367,2.052186,-3.651675
NITE2,0.038759,0.127679,-1.704028,-1.526123,-0.494513,-1.305376,-2.89689,-0.262009,-2.569916,0.919314,-1.566856,-0.325748,0.268083,-0.01559,-1.774924,-0.512066,0.561267,5.627874,-0.170519,1.266084,-1.134646,0.384501,0.658589,0.128439,-2.258373,-0.81091,-0.86647,0.922927,-3.951608,-0.81559,0.07138,1.121293,1.306321,0.207743,-0.783698,5.11518,4.037741,-1.16175,2.943593,5.648062,0.777856,2.557617,-1.592154,-9.665312,1.162775,-1.897109,-0.347821,-0.467011
NITE1,0.686701,0.297104,-2.0592,0.533502,0.34035,-0.490707,0.992668,1.20232,0.031998,3.601853,-0.017099,-1.346125,0.823578,-0.028295,-1.49463,2.24561,2.386504,0.657658,0.18577,0.136489,-1.28283,0.046898,1.205966,0.987271,0.253096,-0.368404,-0.860343,-1.59469,-13.920876,0.627919,-0.821258,1.022587,3.091156,2.878304,0.83384,7.092571,-0.579729,2.163417,1.365702,4.586238,-0.327945,-1.991198,8.179564,-6.751792,3.110833,4.668748,-2.113126,0.87347
NITE5,-0.325394,-0.203468,0.085618,-0.210841,-0.758224,0.038945,-0.175298,-0.125785,0.223947,1.310954,-1.583984,0.626669,4.32255,-0.151755,-1.02236,0.592785,0.233657,-0.646003,0.721527,3.58864,-0.366265,-0.366043,0.371429,-0.015795,0.852858,0.00159,0.328546,-0.117888,0.270161,-0.768272,0.102666,1.153303,0.969133,-0.508316,-0.29016,6.07751,1.859564,1.953432,0.336365,4.683045,-0.194177,0.777741,1.055065,0.330932,0.094593,1.498665,0.965,-0.856022
SSE2,0.697559,-3.54964,-0.427446,0.687821,-0.554482,0.015893,-1.248848,0.912156,-2.500862,-0.264224,-0.143258,-0.810582,-0.090797,-0.309205,-1.781471,-0.445304,1.031454,0.176266,-0.089214,-0.619135,-0.963865,0.067054,-3.34097,-0.04528,0.403862,-0.850843,-0.227887,0.294368,1.039013,0.586547,-1.063057,-0.424702,-0.272593,-2.435866,-0.30606,0.616789,5.365979,0.552418,0.096086,-0.53944,0.828369,-0.044015,1.030649,-8.190886,1.182796,1.393594,0.123182,-0.963566
SSE6,-0.283534,-0.414377,-0.200278,0.878886,3.608661,9.561195,1.017406,1.116769,0.301002,0.584819,2.844443,-0.452907,1.2398,0.201843,-1.591333,-1.333344,1.561512,2.598042,0.225952,0.068557,0.348712,-0.561025,1.597389,-0.398694,1.163837,0.213259,0.122326,0.310315,1.663768,0.711383,0.010932,-0.535577,2.417056,0.965181,-0.209733,0.90185,4.632458,-0.707486,2.07476,0.86692,2.037561,-0.228053,-0.576685,0.093896,-1.215948,-1.603072,0.711254,-0.04279
SSE1,-0.561833,0.281024,-1.098577,-0.781684,0.142009,1.420938,-2.014126,0.260231,0.104981,0.986941,0.649981,-0.260656,0.18989,0.034117,-0.758988,-0.08437,0.4852,-6.040855,0.564329,-0.320852,-0.226377,-0.283919,0.708409,-0.228637,0.296624,-0.257624,0.059669,1.871271,0.975101,-0.362761,0.102666,-0.070792,1.265859,-1.720702,0.250452,0.864416,2.973314,-0.795202,1.646121,-0.184551,0.611402,0.951069,-3.557019,-3.729663,0.714631,-1.10023,0.018644,-1.208692
SSE4,0.222843,1.278184,0.374349,-1.416109,0.562277,0.920146,-0.864744,0.533791,0.192239,1.54263,2.41452,0.129238,0.178358,-0.370116,-0.801401,0.213645,0.354113,-1.868036,-0.055574,0.428442,-0.209115,-0.143643,0.637095,0.034042,0.283094,-0.137166,-0.155874,-0.553886,2.186949,-0.289919,-0.040637,0.262028,0.584879,0.901467,0.5227,1.21587,3.943189,0.968151,1.515445,0.020512,1.431685,0.408796,-1.386391,0.136767,-0.020372,-0.281154,0.384416,-0.721536
BSDE5,-0.054797,1.132802,1.428495,-1.254288,0.764876,0.736396,0.592637,-0.203926,0.879219,-1.558735,2.757921,-3.049738,0.166439,-0.097342,-0.66421,0.517903,0.328148,-5.939176,-1.797219,-2.138146,0.210565,0.077344,0.243677,0.316713,2.935381,-1.053967,-2.443816,-2.157544,-10.233943,-3.027923,-0.21896,-4.340794,0.607559,1.310771,0.183701,0.235371,1.053784,9.658911,1.650364,-2.430751,1.509055,-2.003741,-0.279618,-9.711505,0.077993,-5.963934,-0.141046,-3.274374
BSDE4,-0.227196,0.737204,0.652481,-1.473123,0.366374,0.537648,0.619338,0.060268,0.557989,2.138046,1.600678,0.658506,0.057378,0.130542,-0.866382,-0.069826,-0.223988,0.800007,0.134717,0.290904,0.187003,0.185554,0.433277,-0.041681,2.92172,-0.140893,0.411287,0.342749,0.952447,-0.004372,0.033938,0.274459,0.576634,0.625688,-0.055268,-0.100892,-0.122395,9.728984,1.281458,0.495582,0.181026,0.095563,-3.235058,0.222899,-0.262193,0.109109,-0.181242,-0.055915
BSDE2,-0.89299,0.940806,1.081408,-0.755026,0.717621,0.872122,1.09583,-0.276426,2.242525,2.366342,3.606695,0.281131,-0.414624,0.201281,-0.3136,0.438389,0.326306,4.261935,-0.082837,0.177033,0.138598,0.370704,0.563429,-0.620582,4.16526,-0.128933,0.349353,0.600485,0.420136,-1.489229,-0.423,0.140773,0.265978,2.364111,-0.453975,0.24698,-0.731259,10.260274,1.70931,-0.115155,1.069329,1.012746,-0.841326,0.099206,-0.748263,-1.157446,-0.914239,0.570227
BSDE6,-0.962996,1.067499,0.653077,-1.245203,0.213881,1.499903,0.892817,0.322739,0.819259,0.925179,2.890671,0.682592,-0.52199,0.343,-0.938609,-0.062286,1.208767,-3.517122,-0.42811,-0.09241,1.043421,-0.652185,0.208219,0.213082,3.150611,-0.284823,0.133933,-1.053912,-0.122553,-0.70589,0.101964,-2.327003,0.739689,0.297439,0.4309,-0.507948,-0.251652,9.673091,-2.720231,-1.942599,0.712924,-0.512378,-3.975254,-2.504908,0.266301,-0.44338,1.603112,0.785316
GAHE3,1.081896,-2.293698,-1.10343,-0.452809,0.697837,-0.189674,-0.481644,0.01307,0.865845,9.392529,3.328216,3.163956,-0.222753,0.718196,-1.248018,2.104874,1.486998,-15.709058,-0.198934,0.114651,1.158967,4.473763,1.788378,1.19516,2.918152,-0.274739,0.838041,0.730103,-13.791498,-0.701554,-0.023515,-1.868014,1.3401,5.017975,0.955184,-0.531962,-0.690942,-1.006104,3.741518,-2.431613,0.980104,0.608954,8.813935,1.265907,2.758837,8.665936,1.30011,-1.531414
GAHE2,-1.234886,0.118596,-1.837638,-0.695425,0.583185,0.69303,1.383978,0.537767,2.031306,2.35321,-0.248689,-0.263071,0.098058,0.120157,-1.319875,0.121072,0.813588,7.183088,-0.950521,-0.292944,1.525415,0.44053,0.851264,0.1016,1.461718,-0.44579,0.090069,0.092356,-16.713775,-1.892205,-0.532806,0.323038,1.060058,4.665165,0.382651,0.371145,-2.039067,-1.676253,4.16068,-0.295505,1.261311,-0.26623,6.838842,-0.393882,-0.328007,-5.605632,-2.412075,0.648697
GAHE1,0.609952,1.462376,-0.828682,-0.205872,0.593688,1.053631,-0.081223,-0.600426,-0.613502,0.092281,-8.783359,-2.653819,-0.258214,-0.413863,-0.876496,1.655673,1.599412,-15.666305,-2.209176,0.310878,0.195414,-0.025735,-1.119729,0.555841,-1.32744,-0.188336,-0.747119,-2.393118,-11.585865,-0.420242,0.102666,-2.725533,4.591653,4.989263,0.727533,0.365121,1.15569,-0.267267,5.338481,-1.982094,1.311853,0.903324,0.39452,-0.85822,-0.033829,5.252018,-1.736351,0.313216
GAHE4,0.248067,1.199656,-0.524135,0.376869,0.11733,0.709823,0.802147,-0.237788,1.334222,2.881365,1.470674,1.144349,-0.236302,0.073662,-0.900767,6.224417,0.678477,0.09009,-0.976584,-2.620449,2.120852,-0.489001,1.068193,-0.001187,1.093808,-0.907931,-3.410286,-3.602717,-11.584316,-2.646608,0.102666,-4.241521,1.34699,3.503072,0.55474,1.797776,0.280093,-0.151398,3.701307,-2.60125,1.97845,-0.104165,8.813935,-3.814836,0.922758,-7.305743,1.613079,-1.136578
FTDE4,5.411027,-0.246294,-1.401114,-1.628141,12.514803,-0.634649,0.458781,8.181979,-1.875178,0.487844,4.578397,1.450784,10.118494,3.02885,0.593997,2.99925,2.876378,-3.853789,-2.022238,-0.56332,-1.587475,-0.549564,-0.28955,0.826005,-0.331004,5.301011,-2.180132,-1.209787,-8.712073,6.764027,-0.140432,1.375004,-0.273929,-0.255708,1.666234,6.975857,4.055735,0.281816,-4.745875,11.691382,-3.036655,-0.687622,4.912456,0.252907,6.446452,-2.362586,0.745026,-9.857424
FTDE1,5.837858,3.893192,1.092036,1.096212,5.263233,0.014299,0.223476,4.751115,-1.631274,0.961202,8.439354,1.057853,5.583104,2.935381,0.337921,0.999397,0.722702,6.453163,-1.034891,1.09093,-1.07256,2.468755,-0.475723,5.234245,-0.254423,4.814201,0.2304,2.631571,-0.662185,4.718935,0.047692,2.389208,1.343817,2.804126,5.072205,4.507846,2.290459,1.856137,1.051817,10.332711,7.5431,-0.904546,4.170657,-0.001197,7.133794,0.356817,3.251287,2.186174
FTDE2,1.141822,-1.795685,-2.29054,-0.486901,12.550263,-0.17235,-0.096837,10.021075,-0.180173,-0.710166,-0.51422,-1.890959,8.607789,3.311664,-1.54825,0.641925,1.100097,-15.749552,-1.865965,-1.974779,1.715853,-2.291378,-8.695294,-0.901194,2.446431,0.440829,-2.131049,-2.173509,-8.218801,2.737191,0.102666,-0.165138,-1.133815,0.286409,0.660667,6.043073,0.908791,-4.01358,-1.555887,10.226398,-2.847997,0.533356,-2.332694,2.761144,0.148671,-0.177872,-0.155914,-3.295945
FTDE3,4.548316,3.989632,0.925407,1.028256,12.0509,-0.078851,-0.25772,10.231168,-0.788804,0.634596,4.997518,1.949528,9.325158,3.387688,0.148058,2.619912,2.06169,3.409386,0.089035,0.928186,-0.928621,1.694303,-0.286309,3.852028,0.790291,4.783058,-0.130931,2.142788,3.471358,5.251305,0.102666,1.451197,-0.710629,2.390227,3.473062,4.217275,1.666119,0.691328,0.192767,10.588171,6.973886,0.130245,4.688206,0.859709,4.137599,1.133913,1.889301,1.369522
EME3,5.098382,1.757401,1.757322,0.400381,2.846542,1.222023,0.081939,1.89215,-1.632792,0.926881,1.492055,4.330948,2.770001,0.621694,1.85627,2.832117,0.831254,4.709168,-0.510957,0.131205,-1.709257,0.433732,0.906016,4.41748,-1.527264,3.019143,4.378999,4.343133,-12.489098,2.945172,0.097298,0.986901,7.14095,2.503203,4.493944,0.972817,5.067747,-0.053316,2.272326,1.779099,12.46467,0.355726,0.935495,-0.027896,4.152658,2.568487,2.753965,5.399099
EME6,1.510051,0.040527,-1.131832,-0.350207,1.0263,0.915525,-0.299592,1.667175,-1.802938,-0.406628,0.145222,2.63189,2.085209,0.973083,1.527485,0.819379,2.530547,-8.938412,-0.798685,-0.097403,-0.922919,-0.589367,0.61487,2.037644,-0.282959,0.79751,-0.353913,0.620217,0.190171,0.698845,0.090061,-0.729341,4.511357,0.327064,1.881945,-2.016896,2.614061,0.842468,0.579081,1.489395,9.412263,0.889605,0.715121,-6.278746,3.83392,-0.810112,-0.432212,4.856921
EME1,0.394877,1.695399,-0.242065,0.159534,0.433685,0.146653,-0.115488,0.82032,-0.490788,1.797639,0.64149,2.430541,1.276492,0.083844,0.350784,0.920536,0.805221,2.516691,-1.000425,0.473746,0.088494,-1.370944,0.462255,1.61302,-0.077983,0.173032,-0.184656,0.431478,-9.828235,0.183752,0.101139,-0.192739,2.029071,1.235397,1.137514,-1.045288,1.128927,-0.082954,0.143569,-0.002142,8.338361,0.030917,3.258455,0.316522,1.511309,2.668264,2.047251,3.995395
EME2,0.331786,0.991855,-0.195704,-0.409277,2.03693,-1.181745,-1.062525,1.768489,-2.00501,-2.45305,0.092627,-0.211878,2.503105,0.518211,0.422511,-0.824598,1.023145,-5.713802,-2.20235,-3.090458,-0.976032,-0.400285,1.231764,1.339842,-0.191984,-0.75398,-3.327995,-3.253473,-9.217944,-0.551199,0.102666,-3.847186,0.390402,-0.841521,0.833402,-0.35737,1.990695,-0.461319,-3.040054,-2.179143,2.363674,-0.495105,-0.435163,-3.864687,2.073058,-9.401428,-0.803442,0.700259
HSEE4,1.080728,1.250767,0.895189,-1.008292,-0.27079,1.362553,0.788636,-0.323436,-0.646118,-1.235371,3.02891,0.442359,-0.619254,0.24872,-0.290723,1.657568,2.018503,7.250448,-0.816679,-0.497521,10.309827,-0.274,0.274364,1.322136,-0.558619,-0.150371,-0.38365,4.566375,-4.02381,-0.234873,0.094902,-0.056143,3.572845,1.461427,1.246399,1.118003,0.309055,2.469053,2.490273,0.362742,1.2317,6.7899,0.636899,1.699174,0.112623,0.83079,0.93287,2.362437
HSEE2,1.146295,2.043197,-0.305728,-1.828147,1.219478,3.868315,4.20176,-0.064565,-0.241838,3.008904,3.986617,-3.731966,-0.080034,0.222045,-2.15987,-1.853413,3.682396,6.550969,0.682574,-0.475486,9.739896,0.494459,0.539196,0.499944,-0.082004,-0.151706,-0.24484,7.532426,-1.190349,-0.963015,0.102666,1.526578,0.562626,3.920347,0.666432,1.025971,-2.117147,0.653411,-3.443257,0.770832,2.107349,10.73959,2.809128,3.903422,4.438907,-0.167246,-3.299962,0.274567
HSEE3,1.046219,0.880022,0.034438,-1.248699,0.563893,0.674541,0.029518,0.873882,-0.834924,-0.486692,2.586787,1.662368,0.977121,0.191929,0.080816,2.187468,1.553324,0.139851,-0.448005,-1.677766,1.068319,-0.035665,0.648774,0.913728,-1.073992,-0.828822,-0.511324,1.483911,-1.828601,-1.514722,-0.332145,0.167459,1.633783,0.383237,0.888538,0.82432,0.619487,-1.181057,1.98286,-0.124182,4.495935,7.136517,-1.400401,1.052224,1.28104,-0.515327,1.333399,1.858124
HSEE1,0.647312,2.673267,-0.251971,0.753902,0.480487,-0.136669,-0.220357,1.045286,-0.318921,-0.398632,2.557382,0.459747,1.700964,1.38939,-0.034273,-1.788694,1.745094,7.181895,-0.427813,-0.201726,9.845121,0.673629,-0.379293,1.899324,-0.156708,0.172912,-0.593549,8.258757,0.524073,-0.437206,0.102666,-0.013907,-0.444312,0.608213,1.459418,0.156177,1.260837,2.64908,3.428374,0.707243,0.011027,6.497161,1.63443,0.446361,1.380675,-0.395396,0.565744,0.221911
CCCP4,0.480452,0.27636,-0.350356,0.331383,-0.127312,-0.523909,-0.875725,-0.239585,-1.108267,0.619719,-0.139666,0.256808,-0.061334,-0.514692,-1.413378,0.78562,0.251109,2.208336,0.819584,-0.170132,0.058109,-0.24502,-1.532339,-0.853284,-0.878644,0.101654,-0.326386,-0.635162,-0.711225,-1.247401,0.102666,0.312664,0.406369,0.282971,-0.138767,0.114405,0.763816,1.494297,1.625292,0.384327,-0.825752,-0.799696,8.750814,1.061355,0.705904,0.587772,0.880597,-1.638093
CCCP5,-0.180636,0.510928,-0.473298,-1.642674,0.610408,-0.19987,-0.212251,0.916872,0.023164,0.852664,0.560326,2.750725,1.151384,0.511694,-0.259587,4.6379,1.315379,6.227313,-0.154286,-2.015208,1.841848,-0.691012,-1.377934,0.0494,0.120732,-0.036318,-1.329334,0.036014,0.902032,-1.941542,0.102666,-1.036849,0.022263,1.607852,0.096794,0.955005,-0.030903,0.003946,2.856504,-0.179109,-0.62194,0.519076,8.32092,2.109673,1.394715,3.79654,-0.199825,-1.169419
CCCP6,0.750659,0.825357,1.006592,-0.475052,0.155764,-0.097503,0.129294,-0.086939,-0.690452,-0.849373,0.672697,-1.344918,0.56165,0.061154,-0.522147,2.473206,1.019305,1.570347,-0.146347,-2.77097,0.09959,-0.122378,0.499976,0.329626,-0.637236,0.019056,-3.286425,2.100661,-0.237168,-2.568385,0.102666,-3.830815,1.924499,1.553471,0.882151,1.114765,1.316575,1.350268,3.768718,-2.798261,0.479688,0.491618,8.205196,-1.281123,1.090713,-0.346083,0.630521,-1.253498
CCCP3,-0.573758,-0.94211,-0.004053,-0.977124,-0.304632,-0.465193,-0.524114,-0.117143,-0.915674,1.253933,-0.397826,0.382841,3.51508,-0.070229,-0.888904,1.242907,0.547209,-1.764579,-0.080838,-0.105983,0.122499,-0.353936,0.498081,-0.851082,-0.107794,0.01236,-0.112722,0.511286,0.2316,-0.663038,0.046882,0.001305,-0.513109,-0.464069,-0.696868,-0.083746,0.301119,2.172758,-2.183348,0.56535,-1.05319,0.117822,6.265841,0.11946,-0.95776,0.68128,0.252235,-0.48192
ABUE5,-0.350254,1.036515,0.821652,-2.240295,0.491037,1.848968,1.087144,0.179494,0.046506,1.247854,-0.381549,1.818393,-0.239266,-0.225333,-0.099694,-0.0273,0.653258,-2.022358,-0.044467,-0.828014,0.693829,-1.363989,0.247315,-0.1049,0.405968,-0.09943,0.641419,2.218072,-8.985405,-0.43171,-1.706211,0.259432,3.292989,-0.950207,-0.340329,-0.716325,0.43306,-0.734163,-4.427898,0.478358,-0.901121,0.841054,1.237505,6.875389,-2.288665,0.095154,-0.710647,-0.117628
ABUE6,0.621615,-0.716206,0.572205,-3.081934,2.750973,1.897945,-0.260781,3.127645,-9.252296,0.306184,-2.472539,1.875098,3.701277,-0.169819,0.637109,2.011386,1.290623,6.910504,-2.281042,-0.096512,10.009624,-1.153256,0.500264,2.284236,-4.056498,0.223451,-0.213347,9.273476,1.180748,0.578485,-2.017543,0.170609,4.405635,3.837403,2.403774,0.799977,1.431604,-3.812472,-0.081123,0.016256,6.575682,6.733996,0.888577,7.109089,0.843561,11.088592,2.161532,2.966456
ABUE4,-0.115588,1.016507,-0.301776,-0.905079,1.912698,-0.411319,-0.165336,1.239942,0.940619,0.930786,-0.235344,2.6965,1.289519,0.303447,0.273687,-0.222627,1.084245,-1.982385,0.738288,-0.707452,-0.907105,-1.311924,0.674194,0.508453,0.859163,-0.384209,1.730954,-1.109826,-1.26643,-0.349044,-1.149217,0.231355,0.423602,0.620281,0.166187,-1.008018,-0.219213,-1.654904,-2.618993,0.827271,2.087921,-0.575127,-1.068874,1.217047,2.007156,1.486718,-0.430343,-1.111271
ABUE3,-1.05942,1.475167,0.247894,-0.60083,0.577667,-0.943943,-0.51912,1.0771,-0.003344,1.024329,1.949406,-1.426351,0.7388,0.303617,-0.945108,0.072241,0.706978,6.838522,-0.575777,-0.812312,2.160516,0.395037,-0.032328,1.535337,-0.813699,0.020957,-0.612966,-1.870138,-1.156511,-0.885998,0.047617,0.785103,-0.145713,1.644728,1.211845,-0.001577,1.59504,-1.308751,-2.427625,0.606602,-0.705035,-1.74411,1.702727,1.942836,1.331935,0.564337,0.930863,1.225139
PURE2,4.176994,2.80361,2.038814,-4.270789,2.964457,0.645161,-0.311589,1.616949,-2.167752,0.302028,7.375093,-0.210454,2.759333,1.347555,0.033331,0.453469,1.594744,5.839788,-0.250898,-2.083419,0.073811,1.110729,1.192612,5.007608,-0.982126,2.384402,0.294821,1.241467,-9.396704,1.966897,0.102666,0.218762,2.883246,1.704492,4.330462,-1.437769,1.104296,-0.562233,2.694319,-1.002983,3.635508,-0.479058,3.14473,-0.010198,6.992296,-1.204909,3.137086,1.770094
PURE3,4.050283,3.411454,0.758304,-0.324822,2.332766,0.257963,-0.125215,2.375158,-4.784219,-0.190789,4.768287,-0.302472,3.40872,0.771439,0.173458,-0.023797,0.680726,-3.322343,-1.086364,-0.022318,0.042847,0.176594,0.499738,5.059363,-2.985197,2.672194,-0.260943,0.4314,-1.578228,3.456202,-1.406894,2.205593,1.740148,1.075279,4.463813,1.050908,0.42156,-2.714743,2.595311,1.830644,2.568215,-0.902883,3.407235,0.156448,7.665086,0.674609,1.294172,1.934275
PURE1,2.510107,3.360507,-0.935166,-0.813365,1.51188,0.195922,-1.057643,1.033759,-1.635831,-0.656866,8.259872,-0.03958,2.167968,0.142504,-0.489809,-0.522924,0.171856,2.661309,-1.230982,-1.475559,-1.319326,2.293142,-0.874073,5.872246,0.599986,3.600637,-2.662358,1.810548,-10.629936,1.906942,0.102666,-1.970319,1.074666,3.078382,5.867731,-0.282011,0.196968,1.303537,-0.803767,0.393589,8.655448,-2.135004,2.876855,-2.061706,9.150592,-5.118056,-0.003559,1.801609
PURE5,4.044296,3.436111,0.165706,-0.352142,0.90522,0.336194,0.021943,1.076423,0.057575,1.382086,9.136648,1.974221,1.292943,0.908235,-0.925522,-0.81801,0.511338,3.594073,-0.84913,1.124346,-0.835369,3.228716,0.393825,3.957577,0.459483,2.189934,-0.553215,2.058323,-0.508477,3.203467,0.059894,2.183572,0.375332,2.606457,3.457174,0.05088,0.431162,0.155125,0.61655,2.557944,5.929404,0.016563,3.360326,0.719878,5.586418,0.350189,1.49031,2.148577
DVALE6,-0.270105,0.625121,-2.275058,-1.951089,-0.631718,1.227534,-0.484327,-0.540769,0.731107,-0.937663,-1.298328,-2.701175,-0.313158,0.20804,-2.241714,-1.521051,1.906432,-15.553439,-0.33877,-1.469377,1.939883,-2.18086,0.259059,-0.770564,1.915103,-1.885264,-0.674058,-1.555761,-0.370119,-2.735895,0.084472,-0.15536,0.296687,-5.757233,-0.724798,-0.285953,0.930296,-1.651454,-0.063576,-1.961123,-7.489647,0.436323,-7.466149,0.234267,-1.509146,11.827676,-3.172288,-1.915844
DVALE2,0.645876,0.041298,0.36211,-0.584897,-0.645187,0.942893,-1.330836,0.69768,0.038691,0.592151,0.59123,0.796302,0.371734,-0.164767,0.046208,1.158238,0.634709,-15.749552,-1.03784,1.198543,0.920121,-1.530481,0.265691,1.215834,1.938206,0.469499,1.413778,1.597628,-0.172151,-0.609359,0.078697,-0.76125,1.23389,0.114436,1.051262,-1.7596,1.278938,0.97968,-0.475781,-1.928318,1.311994,0.106338,2.65927,-0.373678,1.184402,13.108097,1.033873,2.026502
DVALE1,-0.158741,-0.739952,-0.421923,-2.213614,-0.384011,0.048258,0.29804,0.907675,-0.727093,1.613832,1.103087,-0.313193,1.591248,0.577715,-2.314305,-0.991788,0.591222,-2.204621,-0.216225,-1.811004,0.808299,-1.750842,-2.473307,-0.76566,0.372141,-0.588831,-0.035363,-0.136165,-0.174968,-2.094432,0.102666,-1.324632,-1.266561,-1.025268,-0.683722,-2.091949,-2.076196,-1.491731,-3.160255,-0.344267,-1.081698,1.025863,3.827182,2.026503,2.645242,13.318812,-1.844821,0.254014
DVALE5,0.420431,-2.761591,0.848291,-1.915782,-1.269173,0.113314,0.361396,0.738092,-0.776533,0.265655,-0.415561,-0.714029,1.101347,-0.075626,-1.343077,-0.153416,0.416284,-12.765541,0.25126,-1.753998,0.628803,-0.309645,-0.321593,-1.303373,-0.271825,-0.53174,0.534439,-0.604567,-0.085651,-1.836209,-0.935821,-0.179212,-1.213735,-0.779178,-1.073289,-0.748167,0.716923,0.62951,-1.123409,-0.315445,-0.853511,0.18391,2.594321,2.089575,-0.733699,11.736827,-0.462031,-0.102624
5.FOAE4,1.762313,-0.190061,0.480897,-1.025915,1.940912,-0.125727,-0.21262,1.89076,0.634494,-0.060771,1.460565,-0.227288,2.674225,0.268308,-2.062302,-1.242065,0.468675,1.0495,-1.054453,0.381309,-0.211921,-0.36596,-1.287582,1.268976,1.130331,0.392785,-1.382223,0.072993,0.293425,2.060897,-0.306742,-1.511419,-0.801022,-2.232551,0.880479,-0.684577,1.491915,1.365288,-3.378508,0.446651,1.206147,-0.097302,4.906396,0.573298,1.907673,-0.315524,10.733186,2.418437
5.FOAE6,-0.818412,-0.761202,1.020959,-1.097501,-0.318926,0.055974,0.100364,-0.154924,-0.800355,-1.94518,-0.726419,-3.559822,0.084027,-0.7057,-2.715877,-0.397353,-0.766623,-1.910462,-1.810194,-0.840645,-0.242152,-1.526229,-2.888818,-0.439092,0.233212,-1.361685,0.143719,-1.358764,-12.509881,-0.783963,0.078595,0.691833,-1.322262,-2.455655,-0.609031,-2.260198,-1.850639,0.701456,-5.763999,0.281044,-4.568218,-1.462365,0.908572,-3.442594,-2.000678,-6.181655,9.501517,-4.485594
5.FOAE3,1.261902,1.783083,0.906531,-1.713,2.037262,0.169639,-0.049447,1.605786,0.047977,-1.692874,-4.677502,-0.406491,1.696381,-1.55895,-3.339518,1.311784,1.900605,4.476523,-1.007947,0.120671,1.886094,-8.242559,1.35465,-0.479874,-3.564109,0.185327,0.258311,0.874343,1.625719,1.476137,0.102666,-2.656546,0.987598,0.665206,0.044437,-3.157965,0.76388,-0.693938,-1.212025,-5.069287,3.156484,-0.129522,-0.27687,1.332672,1.108897,-0.619198,8.04052,2.849812
5.FOAE2,-0.661645,-0.012262,-0.061384,-0.156599,-1.697657,0.095213,-0.258338,-0.722235,-1.199789,1.151464,-2.158297,1.680191,1.560622,-0.137139,-2.35551,0.378457,1.219751,3.577939,1.758756,0.339141,0.647115,-1.093918,-2.147901,-2.628376,-1.175727,-0.493887,1.068425,-2.411338,0.328002,0.499008,-0.832448,0.887298,-1.117673,-1.781599,-0.861721,-0.870322,-1.412977,0.039208,-5.230124,0.288009,-2.924257,-0.099544,-1.175673,-0.721172,-0.560523,1.530439,2.652617,-3.831955
NMNOE5,-0.35953,1.002745,0.634141,-0.986381,0.170903,0.157029,0.393734,0.885849,-0.373628,0.934989,-0.174868,0.790307,2.778813,-0.947897,-0.668885,-1.000497,-0.029005,0.701433,-0.31472,-0.209384,-0.692136,-0.497421,-2.697228,1.812886,-0.675218,0.361084,0.2337,1.297495,0.235668,-0.054649,-0.221308,0.505572,-0.257999,1.107866,1.679992,0.154709,1.646734,0.585146,-0.007247,0.212347,2.248015,0.672493,2.407258,0.97674,1.427891,0.918866,-0.58931,3.655914
NMNOE6,3.192098,2.379383,1.580085,0.363998,1.388834,0.750617,0.592988,1.063876,0.359923,-0.081964,4.890169,1.810148,0.578233,-0.690619,0.56438,2.001028,1.638007,6.048513,-0.989974,-0.029481,1.075722,-1.718511,0.966048,1.004766,0.224165,0.877591,0.466342,2.674487,-0.101146,1.028356,-0.231995,1.221193,4.084696,3.121579,0.775148,-0.115481,4.429876,0.845438,-0.070485,-0.053272,7.803047,0.076741,3.23997,1.363878,1.343841,-0.049199,3.065221,4.916327
NMNOE1,-2.607712,1.631868,-1.181113,-0.288041,-0.912801,0.0891,0.255163,0.763287,0.07838,0.826636,-0.23578,2.644884,0.522383,0.047844,-1.23759,-0.943455,-0.161112,0.063527,-0.135,0.100003,-0.526977,-0.412523,-3.506194,1.584979,0.085718,0.032914,-0.883043,1.265039,-1.02703,0.571841,-1.684454,-0.078044,-0.928355,-1.168244,1.610028,-1.02446,-0.731334,-1.610912,1.511193,-0.166571,-1.297759,1.054792,1.633751,0.447528,1.876629,-0.508833,-5.85575,3.556277
NMNOE4,2.100241,2.725643,0.115826,-1.998972,0.60069,1.375679,1.590426,-0.258301,-0.242917,-0.12508,-1.490248,-1.227636,0.015204,-1.956429,-3.458478,1.493773,1.362835,5.486806,-0.677673,-0.394002,1.119645,-7.910546,0.364236,0.927788,-4.137742,0.147863,1.940543,2.870832,-6.055787,-0.465355,0.102666,0.04573,1.187412,0.628378,1.045176,-2.597988,0.721283,-1.138856,-1.90406,-4.402467,2.691079,2.20691,3.375497,1.290442,1.405099,4.119078,1.443037,3.264404
